HourID,TeacherID,Start,End
3337,1,1377507600,1377547200
3338,1,1377594000,1377633600
3339,1,1377680400,1377720000
3340,1,1377766800,1377806400
3341,1,1377853200,1377892800
3387,2,1377507600,1377543600
3388,2,1377594000,1377630000
3389,2,1377680400,1377716400
3390,2,1377766800,1377802800
3391,2,1377853200,1377889200
3542,1,1372064400,1372096800
3543,1,1372150800,1372183200
3544,1,1372237200,1372269600
3545,1,1372323600,1372356000
3546,1,1372410000,1372442400
3547,1,1372669200,1372701600
3548,1,1372755600,1372788000
3549,1,1372842000,1372874400
3550,1,1372928400,1372960800
3551,1,1373014800,1373047200
3552,1,1373274000,1373306400
3553,1,1373360400,1373392800
3554,1,1373446800,1373479200
3555,1,1373533200,1373565600
3556,1,1373619600,1373652000
3557,1,1373878800,1373911200
3558,1,1373965200,1373997600
3559,1,1374051600,1374084000
3560,1,1374138000,1374170400
3561,1,1374224400,1374256800
3562,1,1374483600,1374516000
3564,1,1374656400,1374688800
3565,1,1374742800,1374775200
3566,1,1374829200,1374861600
3567,1,1375088400,1375120800
3568,1,1375174800,1375207200
3569,1,1375261200,1375293600
3570,1,1375347600,1375380000
3571,1,1375434000,1375466400
3572,1,1375693200,1375725600
3573,1,1375779600,1375812000
3574,1,1375866000,1375898400
3575,1,1375952400,1375984800
3576,1,1376038800,1376071200
3577,1,1376298000,1376330400
3579,1,1376470800,1376503200
3580,1,1376557200,1376589600
3581,1,1376643600,1376676000
3582,1,1376902800,1376935200
3583,1,1376989200,1377021600
3584,1,1377075600,1377108000
3585,1,1377162000,1377194400
3586,1,1377248400,1377280800
3587,3,1372064400,1372082400
3588,3,1372150800,1372168800
3589,3,1372237200,1372255200
3590,3,1372323600,1372341600
3591,3,1372410000,1372428000
3592,3,1372669200,1372687200
3593,3,1372755600,1372773600
3594,3,1372842000,1372860000
3595,3,1372928400,1372946400
3596,3,1373014800,1373032800
3597,3,1373274000,1373292000
3598,3,1373360400,1373378400
3599,3,1373446800,1373464800
3600,3,1373533200,1373551200
3601,3,1373619600,1373637600
3602,3,1373878800,1373896800
3603,3,1373965200,1373983200
3604,3,1374051600,1374069600
3605,3,1374138000,1374156000
3606,3,1374224400,1374242400
3607,3,1374483600,1374501600
3608,3,1374570000,1374588000
3617,3,1375693200,1375711200
3618,3,1375779600,1375797600
3619,3,1375866000,1375884000
3620,3,1375952400,1375970400
3621,3,1376038800,1376056800
3622,3,1376298000,1376316000
3623,3,1376384400,1376402400
3624,3,1376470800,1376488800
3632,4,1372064400,1372104000
3633,4,1372150800,1372190400
3634,4,1372237200,1372276800
3635,4,1372323600,1372363200
3636,4,1372410000,1372449600
3637,4,1372669200,1372708800
3638,4,1372755600,1372795200
3639,4,1372842000,1372881600
3640,4,1372928400,1372968000
3641,4,1373014800,1373054400
3642,4,1373274000,1373313600
3643,4,1373360400,1373400000
3644,4,1373446800,1373486400
3645,4,1373533200,1373572800
3646,4,1373619600,1373659200
3647,4,1373878800,1373918400
3648,4,1373965200,1374004800
3649,4,1374051600,1374091200
3650,4,1374138000,1374177600
3651,4,1374224400,1374264000
3654,4,1374656400,1374696000
3655,4,1374742800,1374782400
3656,4,1374829200,1374868800
3657,4,1375088400,1375128000
3658,4,1375174800,1375214400
3659,4,1375261200,1375300800
3660,4,1375347600,1375387200
3662,4,1375693200,1375732800
3663,4,1375779600,1375819200
3664,4,1375866000,1375905600
3665,4,1375952400,1375992000
3666,4,1376038800,1376078400
3677,14,1372064400,1372100400
3678,14,1372150800,1372186800
3679,14,1372237200,1372273200
3680,14,1372323600,1372359600
3681,14,1372410000,1372446000
3682,14,1372669200,1372705200
3683,14,1372755600,1372791600
3684,14,1372842000,1372878000
3685,14,1372928400,1372964400
3686,14,1373014800,1373050800
3687,14,1373274000,1373310000
3688,14,1373360400,1373396400
3689,14,1373446800,1373482800
3690,14,1373533200,1373569200
3691,14,1373619600,1373655600
3692,14,1373878800,1373914800
3693,14,1373965200,1374001200
3694,14,1374051600,1374087600
3695,14,1374138000,1374174000
3696,14,1374224400,1374260400
3697,14,1374483600,1374519600
3698,14,1374570000,1374606000
3699,14,1374656400,1374692400
3700,14,1374742800,1374778800
3701,14,1374829200,1374865200
3702,14,1375088400,1375124400
3703,14,1375174800,1375210800
3704,14,1375261200,1375297200
3705,14,1375347600,1375383600
3706,14,1375434000,1375470000
3722,2,1372064400,1372096800
3723,2,1372150800,1372183200
3724,2,1372237200,1372269600
3725,2,1372323600,1372356000
3726,2,1372410000,1372442400
3727,2,1372669200,1372701600
3728,2,1372755600,1372788000
3729,2,1372842000,1372874400
3730,2,1372928400,1372960800
3731,2,1373014800,1373047200
3732,2,1373274000,1373306400
3733,2,1373360400,1373392800
3734,2,1373446800,1373479200
3735,2,1373533200,1373565600
3736,2,1373619600,1373652000
3737,2,1373878800,1373911200
3738,2,1373965200,1373997600
3739,2,1374051600,1374084000
3740,2,1374138000,1374170400
3741,2,1374224400,1374256800
3742,2,1374483600,1374516000
3743,2,1374570000,1374602400
3744,2,1374656400,1374688800
3745,2,1374742800,1374775200
3747,2,1375088400,1375120800
3748,2,1375174800,1375207200
3749,2,1375261200,1375293600
3752,2,1375693200,1375725600
3753,2,1375779600,1375812000
3754,2,1375866000,1375898400
3755,2,1375952400,1375984800
3756,2,1376038800,1376071200
3757,2,1376298000,1376330400
3758,2,1376384400,1376416800
3759,2,1376470800,1376503200
3760,2,1376557200,1376589600
3761,2,1376643600,1376676000
3762,2,1376902800,1376935200
3763,2,1376989200,1377021600
3764,2,1377075600,1377108000
3765,2,1377162000,1377194400
3766,2,1377248400,1377280800
3767,3,1374588000,1374609600
3768,3,1374501600,1374523200
3769,1,1378112400,1378144800
3770,1,1378198800,1378231200
3771,1,1378285200,1378317600
3772,1,1378371600,1378404000
3773,1,1378458000,1378490400
3774,1,1378717200,1378749600
3775,1,1378803600,1378836000
3776,1,1378890000,1378922400
3777,1,1378976400,1379008800
3778,1,1379062800,1379095200
3779,1,1379322000,1379354400
3780,1,1379408400,1379440800
3781,1,1379494800,1379527200
3782,1,1379581200,1379613600
3783,1,1379667600,1379700000
3784,1,1379926800,1379959200
3785,1,1380013200,1380045600
3786,1,1380099600,1380132000
3787,1,1380186000,1380218400
3788,1,1380272400,1380304800
3789,1,1380531600,1380564000
3790,1,1380618000,1380650400
3791,1,1380704400,1380736800
3792,1,1380790800,1380823200
3793,1,1380877200,1380909600
3794,1,1381136400,1381168800
3795,1,1381222800,1381255200
3796,1,1381309200,1381341600
3797,1,1381395600,1381428000
3798,1,1381482000,1381514400
3799,1,1381741200,1381773600
3800,1,1381827600,1381860000
3801,1,1381914000,1381946400
3802,1,1382000400,1382032800
3803,1,1382086800,1382119200
3804,1,1382346000,1382378400
3805,1,1382432400,1382464800
3806,1,1382518800,1382551200
3807,1,1382605200,1382637600
3808,1,1382691600,1382724000
3809,1,1382950800,1382983200
3810,1,1383037200,1383069600
3811,1,1383123600,1383156000
3812,1,1383210000,1383242400
3813,1,1383296400,1383328800
3814,1,1383555600,1383588000
3815,1,1383642000,1383674400
3816,1,1383728400,1383760800
3817,1,1383814800,1383847200
3818,1,1383901200,1383933600
3819,1,1384160400,1384192800
3820,1,1384246800,1384279200
3821,1,1384333200,1384365600
3822,1,1384419600,1384452000
3823,1,1384506000,1384538400
3824,1,1384765200,1384797600
3825,1,1384851600,1384884000
3826,1,1384938000,1384970400
3827,1,1385024400,1385056800
3828,1,1385110800,1385143200
3829,1,1385370000,1385402400
3830,1,1385456400,1385488800
3831,1,1385542800,1385575200
3833,1,1385715600,1385748000
3834,1,1385974800,1386007200
3835,1,1386061200,1386093600
3836,1,1386147600,1386180000
3837,1,1386234000,1386266400
3839,1,1386579600,1386612000
3840,1,1386666000,1386698400
3841,1,1386752400,1386784800
3842,1,1386838800,1386871200
3843,1,1386925200,1386957600
3844,1,1387184400,1387216800
3845,1,1387270800,1387303200
3846,1,1387357200,1387389600
3847,1,1387443600,1387476000
3848,1,1387530000,1387562400
3849,1,1387789200,1387821600
3852,1,1388048400,1388080800
3853,1,1388134800,1388167200
3854,1,1388394000,1388426400
3855,1,1388480400,1388512800
3856,4,1374483600,1374501600
3857,4,1374570000,1374588000
3858,3,1374656400,1374674400
3860,3,1374829200,1374847200
3861,4,1375434000,1375466400
3867,3,1376643600,1376661600
3874,3,1376557200,1376571600
3878,2,1378198800,1378231200
3879,2,1378285200,1378317600
3880,2,1378371600,1378404000
3881,2,1378458000,1378490400
3882,2,1378717200,1378749600
3883,2,1378803600,1378836000
3884,2,1378890000,1378922400
3885,2,1378976400,1379008800
3886,2,1379062800,1379095200
3887,2,1379322000,1379354400
3888,2,1379408400,1379440800
3889,2,1379494800,1379527200
3892,2,1379926800,1379959200
3893,2,1380013200,1380045600
3894,2,1380099600,1380132000
3895,2,1380186000,1380218400
3902,2,1381136400,1381168800
3903,2,1381222800,1381255200
3904,2,1381309200,1381341600
3905,2,1381395600,1381428000
3907,2,1381741200,1381773600
3908,2,1381827600,1381860000
3912,2,1382346000,1382378400
3913,2,1382432400,1382464800
3917,2,1382950800,1382983200
3918,2,1383037200,1383069600
3923,2,1383642000,1383674400
3927,2,1384160400,1384192800
3928,2,1384246800,1384279200
3929,2,1384333200,1384365600
3933,2,1384851600,1384884000
3934,2,1384938000,1384970400
3935,2,1385024400,1385056800
3937,2,1385370000,1385402400
3939,2,1385542800,1385575200
3943,2,1386061200,1386093600
3944,2,1386147600,1386180000
3945,2,1386234000,1386266400
3946,2,1386320400,1386352800
3947,2,1386579600,1386612000
3948,2,1386666000,1386698400
3949,2,1386752400,1386784800
3950,2,1386838800,1386871200
3952,2,1387184400,1387216800
3953,2,1387270800,1387303200
3956,2,1387530000,1387562400
3957,2,1387789200,1387821600
3962,2,1388394000,1388426400
3963,2,1388480400,1388512800
3975,2,1376503200,1376504400
3976,2,1379602800,1379613600
3980,2,1379689200,1379700000
3981,1,1388566800,1388599200
3982,1,1388653200,1388685600
3983,1,1388739600,1388772000
3984,1,1388998800,1389031200
3985,1,1389085200,1389117600
3986,1,1389171600,1389204000
3987,1,1389258000,1389290400
3988,1,1389344400,1389376800
3989,1,1389603600,1389636000
3990,1,1389690000,1389722400
3991,1,1389776400,1389808800
3992,1,1389862800,1389895200
3993,1,1389949200,1389981600
3994,1,1390208400,1390240800
3995,1,1390294800,1390327200
3996,1,1390381200,1390413600
3997,1,1390467600,1390500000
3998,1,1390554000,1390586400
3999,1,1390813200,1390845600
4000,1,1390899600,1390932000
4001,1,1390986000,1391018400
4002,1,1391072400,1391104800
4003,1,1391158800,1391191200
4004,1,1391418000,1391450400
4005,1,1391504400,1391536800
4006,1,1391590800,1391623200
4007,1,1391677200,1391709600
4008,1,1391763600,1391796000
4009,1,1392022800,1392055200
4010,1,1392109200,1392141600
4011,1,1392195600,1392228000
4012,1,1392282000,1392314400
4013,1,1392368400,1392400800
4014,1,1392627600,1392660000
4015,1,1392714000,1392746400
4016,1,1392800400,1392832800
4017,1,1392886800,1392919200
4018,1,1392973200,1393005600
4019,1,1393232400,1393264800
4020,1,1393318800,1393351200
4021,1,1393405200,1393437600
4022,1,1393491600,1393524000
4023,1,1393578000,1393610400
4024,1,1393837200,1393869600
4025,1,1393923600,1393956000
4026,1,1394010000,1394042400
4027,1,1394096400,1394128800
4028,1,1394182800,1394215200
4029,1,1394442000,1394474400
4030,1,1394528400,1394560800
4031,1,1394614800,1394647200
4032,1,1394701200,1394733600
4033,1,1394787600,1394820000
4034,1,1395046800,1395079200
4035,1,1395133200,1395165600
4036,1,1395219600,1395252000
4037,1,1395306000,1395338400
4038,1,1395392400,1395424800
4039,1,1395651600,1395684000
4040,1,1395738000,1395770400
4041,1,1395824400,1395856800
4042,1,1395910800,1395943200
4043,1,1395997200,1396029600
4044,1,1396256400,1396288800
4045,1,1396342800,1396375200
4046,1,1396429200,1396461600
4047,1,1396515600,1396548000
4048,1,1396602000,1396634400
4049,1,1396861200,1396893600
4050,1,1396947600,1396980000
4051,1,1397034000,1397066400
4052,1,1397120400,1397152800
4053,1,1397206800,1397239200
4054,1,1397466000,1397498400
4055,1,1397552400,1397584800
4056,1,1397638800,1397671200
4057,1,1397725200,1397757600
4059,1,1398070800,1398103200
4060,1,1398157200,1398189600
4061,1,1398243600,1398276000
4062,1,1398330000,1398362400
4063,1,1398416400,1398448800
4064,1,1398675600,1398708000
4065,1,1398762000,1398794400
4066,1,1398848400,1398880800
4067,1,1398934800,1398967200
4068,1,1399021200,1399053600
4069,1,1399280400,1399312800
4070,1,1399366800,1399399200
4071,1,1399453200,1399485600
4072,1,1399539600,1399572000
4073,1,1399626000,1399658400
4075,1,1399971600,1400004000
4076,1,1400058000,1400090400
4077,1,1400144400,1400176800
4078,1,1400230800,1400263200
4079,1,1400490000,1400522400
4080,1,1400576400,1400608800
4081,1,1400662800,1400695200
4082,1,1400749200,1400781600
4083,1,1400835600,1400868000
4084,1,1401094800,1401127200
4085,1,1401181200,1401213600
4086,1,1401267600,1401300000
4087,1,1401354000,1401386400
4088,1,1401440400,1401472800
4089,1,1401699600,1401732000
4090,1,1401786000,1401818400
4091,1,1401872400,1401904800
4092,1,1401958800,1401991200
4093,1,1402045200,1402077600
4094,1,1402304400,1402336800
4095,1,1402390800,1402423200
4096,1,1402477200,1402509600
4097,1,1402563600,1402596000
4098,1,1402650000,1402682400
4099,1,1402909200,1402941600
4100,1,1402995600,1403028000
4101,1,1403082000,1403114400
4102,1,1403168400,1403200800
4103,1,1403254800,1403287200
4104,1,1403514000,1403546400
4105,1,1403600400,1403632800
4106,1,1403686800,1403719200
4107,1,1403773200,1403805600
4109,1,1404118800,1404151200
4110,1,1404205200,1404237600
4111,1,1404291600,1404324000
4112,1,1404378000,1404410400
4113,1,1404464400,1404496800
4114,1,1404723600,1404756000
4115,1,1404810000,1404842400
4116,1,1404896400,1404928800
4117,1,1404982800,1405015200
4118,1,1405069200,1405101600
4119,1,1405328400,1405360800
4120,1,1405414800,1405447200
4121,1,1405501200,1405533600
4122,1,1405587600,1405620000
4123,1,1405674000,1405706400
4124,1,1405933200,1405965600
4125,1,1406019600,1406052000
4126,1,1406106000,1406138400
4127,1,1406192400,1406224800
4128,1,1406278800,1406311200
4129,1,1406538000,1406570400
4131,1,1406710800,1406743200
4132,1,1406797200,1406829600
4133,1,1406883600,1406916000
4134,1,1407142800,1407175200
4135,1,1407229200,1407261600
4136,1,1407315600,1407348000
4137,1,1407402000,1407434400
4138,1,1407488400,1407520800
4139,1,1407747600,1407780000
4140,1,1407834000,1407866400
4141,1,1407920400,1407952800
4142,1,1408006800,1408039200
4143,1,1408093200,1408125600
4144,1,1408352400,1408384800
4145,1,1408438800,1408471200
4146,1,1408525200,1408557600
4147,1,1408611600,1408644000
4148,1,1408698000,1408730400
4149,1,1408957200,1408989600
4150,1,1409043600,1409076000
4151,1,1409130000,1409162400
4152,1,1409216400,1409248800
4153,1,1409302800,1409335200
4154,1,1409562000,1409594400
4155,1,1409648400,1409680800
4156,1,1409734800,1409767200
4157,1,1409821200,1409853600
4158,1,1409907600,1409940000
4159,1,1410166800,1410199200
4160,1,1410253200,1410285600
4161,1,1410339600,1410372000
4162,1,1410426000,1410458400
4163,1,1410512400,1410544800
4164,1,1410771600,1410804000
4165,1,1410858000,1410890400
4166,1,1410944400,1410976800
4167,1,1411030800,1411063200
4168,1,1411117200,1411149600
4169,1,1411376400,1411408800
4170,1,1411462800,1411495200
4171,1,1411549200,1411581600
4172,1,1411635600,1411668000
4173,1,1411722000,1411754400
4174,1,1411981200,1412013600
4175,1,1412067600,1412100000
4176,1,1412154000,1412186400
4177,1,1412240400,1412272800
4178,1,1412326800,1412359200
4179,1,1412586000,1412618400
4180,1,1412672400,1412704800
4181,1,1412758800,1412791200
4182,1,1412845200,1412877600
4183,1,1412931600,1412964000
4184,1,1413190800,1413223200
4185,1,1413277200,1413309600
4186,1,1413363600,1413396000
4187,1,1413450000,1413482400
4188,1,1413536400,1413568800
4189,1,1413795600,1413828000
4190,1,1413882000,1413914400
4191,1,1413968400,1414000800
4193,1,1414141200,1414173600
4195,1,1414486800,1414519200
4196,1,1414573200,1414605600
4197,1,1414659600,1414692000
4198,1,1414746000,1414778400
4199,1,1415005200,1415037600
4200,1,1415091600,1415124000
4201,1,1415178000,1415210400
4202,1,1415264400,1415296800
4203,1,1415350800,1415383200
4204,1,1415610000,1415642400
4205,1,1415696400,1415728800
4206,1,1415782800,1415815200
4207,1,1415869200,1415901600
4208,1,1415955600,1415988000
4209,1,1416214800,1416247200
4210,1,1416301200,1416333600
4211,1,1416387600,1416420000
4212,1,1416474000,1416506400
4214,1,1416819600,1416852000
4215,1,1416906000,1416938400
4219,1,1417424400,1417456800
4220,1,1417510800,1417543200
4221,1,1417597200,1417629600
4222,1,1417683600,1417716000
4223,1,1417770000,1417802400
4224,1,1418029200,1418061600
4225,1,1418115600,1418148000
4226,1,1418202000,1418234400
4227,1,1418288400,1418320800
4228,1,1418374800,1418407200
4229,1,1418634000,1418666400
4230,1,1418720400,1418752800
4231,1,1418806800,1418839200
4232,1,1418893200,1418925600
4233,1,1418979600,1419012000
4239,1,1419843600,1419876000
4240,1,1419930000,1419962400
4241,1,1420016400,1420048800
4243,2,1388653200,1388685600
4244,2,1388739600,1388772000
4245,2,1388998800,1389031200
4246,2,1389085200,1389117600
4247,2,1389171600,1389204000
4248,2,1389258000,1389290400
4249,2,1389344400,1389376800
4250,2,1389603600,1389636000
4251,2,1389690000,1389722400
4252,2,1389776400,1389808800
4253,2,1389862800,1389895200
4254,2,1389949200,1389981600
4255,2,1390208400,1390240800
4256,2,1390294800,1390327200
4257,2,1390381200,1390413600
4258,2,1390467600,1390500000
4259,2,1390554000,1390586400
4260,2,1390813200,1390845600
4261,2,1390899600,1390932000
4262,2,1390986000,1391018400
4263,2,1391072400,1391104800
4264,2,1391158800,1391191200
4266,2,1391504400,1391536800
4267,2,1391590800,1391623200
4269,2,1391763600,1391796000
4270,2,1392022800,1392055200
4271,2,1392109200,1392141600
4272,2,1392195600,1392228000
4273,2,1392282000,1392314400
4274,2,1392368400,1392400800
4275,2,1392627600,1392660000
4276,2,1392714000,1392746400
4277,2,1392800400,1392832800
4278,2,1392886800,1392919200
4279,2,1392973200,1393005600
4280,2,1393232400,1393264800
4281,2,1393318800,1393351200
4282,2,1393405200,1393437600
4283,2,1393491600,1393524000
4284,2,1393578000,1393610400
4285,2,1393837200,1393869600
4286,2,1393923600,1393956000
4287,2,1394010000,1394042400
4288,2,1394096400,1394128800
4289,2,1394182800,1394215200
4290,2,1394442000,1394474400
4291,2,1394528400,1394560800
4292,2,1394614800,1394647200
4293,2,1394701200,1394733600
4294,2,1394787600,1394820000
4295,2,1395046800,1395079200
4296,2,1395133200,1395165600
4297,2,1395219600,1395252000
4298,2,1395306000,1395338400
4299,2,1395392400,1395424800
4305,2,1396256400,1396288800
4306,2,1396342800,1396375200
4307,2,1396429200,1396461600
4308,2,1396515600,1396548000
4309,2,1396602000,1396634400
4310,2,1396861200,1396893600
4311,2,1396947600,1396980000
4312,2,1397034000,1397066400
4313,2,1397120400,1397152800
4314,2,1397206800,1397239200
4315,2,1397466000,1397498400
4316,2,1397552400,1397584800
4317,2,1397638800,1397671200
4318,2,1397725200,1397757600
4320,2,1398070800,1398103200
4321,2,1398157200,1398189600
4322,2,1398243600,1398276000
4323,2,1398330000,1398362400
4324,2,1398416400,1398448800
4325,2,1398675600,1398708000
4326,2,1398762000,1398794400
4327,2,1398848400,1398880800
4328,2,1398934800,1398967200
4329,2,1399021200,1399053600
4330,2,1399280400,1399312800
4331,2,1399366800,1399399200
4332,2,1399453200,1399485600
4333,2,1399539600,1399572000
4334,2,1399626000,1399658400
4335,2,1399885200,1399917600
4336,2,1399971600,1400004000
4337,2,1400058000,1400090400
4338,2,1400144400,1400176800
4340,2,1400490000,1400522400
4341,2,1400576400,1400608800
4342,2,1400662800,1400695200
4343,2,1400749200,1400781600
4344,2,1400835600,1400868000
4345,2,1401094800,1401127200
4346,2,1401181200,1401213600
4347,2,1401267600,1401300000
4348,2,1401354000,1401386400
4349,2,1401440400,1401472800
4350,2,1401699600,1401732000
4351,2,1401786000,1401818400
4352,2,1401872400,1401904800
4353,2,1401958800,1401991200
4354,2,1402045200,1402077600
4355,2,1402304400,1402336800
4356,2,1402390800,1402423200
4357,2,1402477200,1402509600
4358,2,1402563600,1402596000
4359,2,1402650000,1402682400
4360,2,1402909200,1402941600
4361,2,1402995600,1403028000
4363,2,1403168400,1403200800
4364,2,1403254800,1403287200
4365,2,1403514000,1403546400
4366,2,1403600400,1403632800
4367,2,1403686800,1403719200
4368,2,1403773200,1403805600
4370,2,1404118800,1404151200
4371,2,1404205200,1404237600
4372,2,1404291600,1404324000
4373,2,1404378000,1404410400
4375,2,1404723600,1404756000
4376,2,1404810000,1404842400
4377,2,1404896400,1404928800
4378,2,1404982800,1405015200
4379,2,1405069200,1405101600
4380,2,1405328400,1405360800
4381,2,1405414800,1405447200
4382,2,1405501200,1405533600
4383,2,1405587600,1405620000
4384,2,1405674000,1405706400
4385,2,1405933200,1405965600
4386,2,1406019600,1406052000
4387,2,1406106000,1406138400
4388,2,1406192400,1406224800
4389,2,1406278800,1406311200
4390,2,1406538000,1406570400
4392,2,1406710800,1406743200
4393,2,1406797200,1406829600
4394,2,1406883600,1406916000
4395,2,1407142800,1407175200
4396,2,1407229200,1407261600
4397,2,1407315600,1407348000
4398,2,1407402000,1407434400
4399,2,1407488400,1407520800
4400,2,1407747600,1407780000
4401,2,1407834000,1407866400
4402,2,1407920400,1407952800
4403,2,1408006800,1408039200
4404,2,1408093200,1408125600
4405,2,1408352400,1408384800
4406,2,1408438800,1408471200
4407,2,1408525200,1408557600
4408,2,1408611600,1408644000
4409,2,1408698000,1408730400
4410,2,1408957200,1408989600
4411,2,1409043600,1409076000
4412,2,1409130000,1409162400
4413,2,1409216400,1409248800
4414,2,1409302800,1409335200
4415,2,1409562000,1409594400
4416,2,1409648400,1409680800
4418,2,1409821200,1409853600
4419,2,1409907600,1409940000
4420,2,1410166800,1410199200
4421,2,1410253200,1410285600
4422,2,1410339600,1410372000
4423,2,1410426000,1410458400
4424,2,1410512400,1410544800
4425,2,1410771600,1410804000
4426,2,1410858000,1410890400
4427,2,1410944400,1410976800
4428,2,1411030800,1411063200
4429,2,1411117200,1411149600
4430,2,1411376400,1411408800
4431,2,1411462800,1411495200
4432,2,1411549200,1411581600
4433,2,1411635600,1411668000
4434,2,1411722000,1411754400
4435,2,1411981200,1412013600
4436,2,1412067600,1412100000
4437,2,1412154000,1412186400
4438,2,1412240400,1412272800
4440,2,1412586000,1412618400
4441,2,1412672400,1412704800
4442,2,1412758800,1412791200
4443,2,1412845200,1412877600
4444,2,1412931600,1412964000
4445,2,1413190800,1413223200
4446,2,1413277200,1413309600
4447,2,1413363600,1413396000
4448,2,1413450000,1413482400
4450,2,1413795600,1413828000
4451,2,1413882000,1413914400
4452,2,1413968400,1414000800
4453,2,1414054800,1414087200
4454,2,1414141200,1414173600
4456,2,1414486800,1414519200
4457,2,1414573200,1414605600
4458,2,1414659600,1414692000
4460,2,1415005200,1415037600
4461,2,1415091600,1415124000
4462,2,1415178000,1415210400
4463,2,1415264400,1415296800
4464,2,1415350800,1415383200
4465,2,1415610000,1415642400
4466,2,1415696400,1415728800
4467,2,1415782800,1415815200
4468,2,1415869200,1415901600
4469,2,1415955600,1415988000
4470,2,1416214800,1416247200
4471,2,1416301200,1416333600
4472,2,1416387600,1416420000
4473,2,1416474000,1416506400
4474,2,1416560400,1416592800
4476,2,1416906000,1416938400
4477,2,1416992400,1417024800
4479,2,1417165200,1417197600
4481,2,1417510800,1417543200
4482,2,1417597200,1417629600
4483,2,1417683600,1417716000
4484,2,1417770000,1417802400
4485,2,1418029200,1418061600
4486,2,1418115600,1418148000
4487,2,1418202000,1418234400
4488,2,1418288400,1418320800
4489,2,1418374800,1418407200
4491,2,1418720400,1418752800
4493,2,1418893200,1418925600
4495,2,1419238800,1419271200
4496,2,1419325200,1419357600
4500,2,1419843600,1419876000
4501,2,1419930000,1419962400
4502,2,1420016400,1420048800
4503,2,1383145200,1383148800
4504,2,1385478000,1385488800
4505,2,1385737200,1385748000
4506,2,1388048400,1388080800
4507,2,1388134800,1388167200
4508,3,1398934800,1398967200
4509,3,1399021200,1399053600
4510,3,1399280400,1399312800
4511,3,1399366800,1399399200
4512,3,1399453200,1399485600
4513,3,1399539600,1399572000
4514,3,1399626000,1399658400
4515,3,1399885200,1399917600
4520,3,1400490000,1400522400
4521,3,1400576400,1400608800
4522,3,1400662800,1400695200
4523,3,1400749200,1400781600
4524,3,1400835600,1400868000
4525,3,1401094800,1401127200
4526,3,1401181200,1401213600
4527,3,1401267600,1401300000
4528,3,1401354000,1401386400
4529,3,1401440400,1401472800
4530,3,1401699600,1401732000
4531,3,1401786000,1401818400
4532,3,1401872400,1401904800
4533,3,1401958800,1401991200
4534,3,1402045200,1402077600
4535,3,1402304400,1402336800
4536,3,1402390800,1402423200
4537,3,1402477200,1402509600
4538,3,1402563600,1402596000
4539,3,1402650000,1402682400
4540,3,1402909200,1402941600
4541,3,1402995600,1403028000
4542,3,1403082000,1403114400
4543,3,1403168400,1403200800
4544,3,1403254800,1403287200
4545,3,1403514000,1403546400
4546,3,1403600400,1403632800
4547,3,1403686800,1403719200
4548,3,1403773200,1403805600
4550,3,1404118800,1404151200
4551,3,1404205200,1404237600
4552,3,1404291600,1404324000
4553,3,1404378000,1404410400
4554,3,1404464400,1404496800
4555,3,1404723600,1404756000
4556,3,1404810000,1404842400
4557,3,1404896400,1404928800
4558,3,1404982800,1405015200
4559,3,1405069200,1405101600
4560,3,1405328400,1405360800
4561,3,1405414800,1405447200
4562,3,1405501200,1405533600
4563,3,1405587600,1405620000
4564,3,1405674000,1405706400
4565,3,1405933200,1405965600
4566,3,1406019600,1406052000
4567,3,1406106000,1406138400
4568,3,1406192400,1406224800
4569,3,1406278800,1406311200
4570,3,1406538000,1406570400
4572,3,1406710800,1406743200
4573,3,1406797200,1406829600
4574,3,1406883600,1406916000
4575,4,1398934800,1398967200
4576,4,1399021200,1399053600
4587,4,1400490000,1400522400
4588,4,1400576400,1400608800
4589,4,1400662800,1400695200
4590,4,1400749200,1400781600
4591,4,1400835600,1400868000
4592,4,1401094800,1401127200
4593,4,1401181200,1401213600
4594,4,1401267600,1401300000
4595,4,1401354000,1401386400
4596,4,1401440400,1401472800
4597,4,1401699600,1401732000
4598,4,1401786000,1401818400
4599,4,1401872400,1401904800
4600,4,1401958800,1401991200
4601,4,1402045200,1402077600
4602,4,1402304400,1402336800
4603,4,1402390800,1402423200
4604,4,1402477200,1402509600
4605,4,1402563600,1402596000
4606,4,1402650000,1402682400
4607,4,1402909200,1402941600
4608,4,1402995600,1403028000
4609,4,1403082000,1403114400
4610,4,1403168400,1403200800
4611,4,1403254800,1403287200
4612,4,1403514000,1403546400
4613,4,1403600400,1403632800
4614,4,1403686800,1403719200
4615,4,1403773200,1403805600
4617,4,1404118800,1404151200
4618,4,1404205200,1404237600
4619,4,1404291600,1404324000
4620,4,1404378000,1404410400
4621,4,1404464400,1404496800
4622,4,1404723600,1404756000
4623,4,1404810000,1404842400
4624,4,1404896400,1404928800
4625,4,1404982800,1405015200
4626,4,1405069200,1405101600
4627,4,1405328400,1405360800
4628,4,1405414800,1405447200
4629,4,1405501200,1405533600
4630,4,1405587600,1405620000
4631,4,1405674000,1405706400
4632,4,1405933200,1405965600
4633,4,1406019600,1406052000
4634,4,1406106000,1406138400
4635,4,1406192400,1406224800
4636,4,1406278800,1406311200
4637,4,1406538000,1406570400
4639,4,1406710800,1406743200
4640,4,1406797200,1406829600
4641,4,1406883600,1406916000
4642,2,1391438400,1391450400
4650,3,1393837200,1393848000
4656,3,1394442000,1394452800
4657,3,1394528400,1394539200
4658,3,1394614800,1394625600
4667,3,1393254000,1393264800
4668,3,1393340400,1393351200
4669,3,1393426800,1393437600
4670,3,1393513200,1393524000
4673,3,1393858800,1393869600
4674,3,1393945200,1393956000
4675,3,1394031600,1394042400
4676,3,1394118000,1394128800
4679,3,1394463600,1394474400
4680,3,1394550000,1394560800
4681,3,1394636400,1394647200
4682,3,1394722800,1394733600
4690,3,1396278000,1396288800
4691,3,1396364400,1396375200
4692,3,1396450800,1396461600
4693,3,1396537200,1396548000
4695,3,1396882800,1396893600
4696,3,1396969200,1396980000
4697,3,1397055600,1397066400
4698,3,1397142000,1397152800
4700,3,1397487600,1397498400
4701,3,1397574000,1397584800
4702,3,1397660400,1397671200
4703,3,1397746800,1397757600
4705,3,1398092400,1398103200
4706,3,1398178800,1398189600
4707,3,1398265200,1398276000
4708,3,1398351600,1398362400
4709,3,1398438000,1398448800
4710,3,1398697200,1398708000
4711,3,1398783600,1398794400
4712,3,1398870000,1398880800
4713,3,1396256400,1396267200
4714,3,1396342800,1396353600
4715,3,1396429200,1396440000
4716,3,1396515600,1396526400
4718,3,1396861200,1396872000
4719,3,1396947600,1396958400
4720,3,1397034000,1397044800
4721,3,1397120400,1397131200
4722,3,1397206800,1397217600
4723,3,1397466000,1397476800
4724,3,1397552400,1397563200
4725,3,1397638800,1397649600
4726,3,1397725200,1397736000
4728,3,1398070800,1398081600
4729,3,1398157200,1398168000
4730,3,1398243600,1398254400
4731,3,1398330000,1398340800
4732,3,1398416400,1398427200
4733,3,1398675600,1398686400
4734,3,1398762000,1398772800
4735,3,1398848400,1398859200
4808,4,1399906800,1399917600
4809,4,1399993200,1400004000
4810,4,1400079600,1400090400
4811,4,1400166000,1400176800
4812,4,1400252400,1400263200
4813,2,1395672000,1395684000
4814,2,1395844800,1395856800
4815,2,1395742800,1395770400
4816,2,1395915600,1395943200
4817,2,1396002000,1396029600
4820,3,1394452800,1394463600
4822,3,1394625600,1394636400
4835,3,1396267200,1396278000
4836,3,1396353600,1396364400
4837,3,1396440000,1396450800
4838,3,1396526400,1396537200
4840,3,1396872000,1396882800
4841,3,1396958400,1396969200
4842,3,1397044800,1397055600
4843,3,1397131200,1397142000
4844,3,1397217600,1397228400
4845,3,1397476800,1397487600
4846,3,1397563200,1397574000
4847,3,1397649600,1397660400
4848,3,1397736000,1397746800
4850,3,1398081600,1398092400
4851,3,1398168000,1398178800
4852,3,1398254400,1398265200
4853,3,1398340800,1398351600
4854,3,1398427200,1398438000
4855,3,1398686400,1398697200
4856,3,1398772800,1398783600
4857,3,1398859200,1398870000
4861,3,1395651600,1395684000
4862,3,1395738000,1395770400
4863,3,1395824400,1395856800
4864,3,1395910800,1395943200
4865,3,1395997200,1396029600
4867,3,1395068400,1395079200
4868,3,1395154800,1395165600
4869,3,1395241200,1395252000
4870,3,1395327600,1395338400
4871,3,1395414000,1395424800
4872,2,1395651600,1395666000
4873,2,1395824400,1395838800
4874,2,1395738000,1395742800
4875,2,1395910800,1395915600
4876,2,1395997200,1396002000
4877,3,1393599600,1393610400
4878,3,1394204400,1394215200
4879,3,1394809200,1394820000
4880,4,1396256400,1396288800
4881,4,1396342800,1396375200
4882,4,1396429200,1396461600
4883,4,1396515600,1396548000
4884,4,1396602000,1396634400
4885,4,1396861200,1396893600
4886,4,1396947600,1396980000
4887,4,1397034000,1397066400
4888,4,1397120400,1397152800
4889,4,1397206800,1397239200
4890,4,1397466000,1397498400
4891,4,1397552400,1397584800
4892,4,1397638800,1397671200
4896,4,1398157200,1398189600
4897,4,1398243600,1398276000
4898,4,1398330000,1398362400
4899,4,1398416400,1398448800
4900,4,1398675600,1398708000
4901,4,1398762000,1398794400
4902,4,1398848400,1398880800
4904,4,1394550000,1394560800
4905,1,1393956000,1393958400
4906,1,1394042400,1394044800
4907,1,1394560800,1394563200
4908,1,1394647200,1394649600
4909,1,1395165600,1395168000
4910,1,1395252000,1395254400
4911,1,1395770400,1395772800
4912,1,1395856800,1395859200
4913,1,1396375200,1396377600
4917,1,1397584800,1397587200
4918,1,1397671200,1397673600
4919,1,1398189600,1398192000
4920,1,1398276000,1398278400
4932,2,1395666000,1395672000
4933,2,1395838800,1395844800
4934,3,1394787600,1394809200
4935,3,1394182800,1394204400
4937,4,1395392400,1395424800
4938,4,1395997200,1396029600
4941,4,1394809200,1394820000
5159,1,1399107600,1399118400
5160,1,1399712400,1399723200
5161,1,1400317200,1400328000
5162,1,1400922000,1400932800
5163,1,1401526800,1401537600
5164,1,1402131600,1402142400
5165,1,1402736400,1402747200
5166,1,1403341200,1403352000
5168,1,1404550800,1404561600
5169,1,1405155600,1405166400
5170,1,1405760400,1405771200
5171,1,1406365200,1406376000
5172,1,1406970000,1406980800
5173,1,1407574800,1407585600
5175,1,1408784400,1408795200
5176,1,1409389200,1409400000
5177,4,1399885200,1399906800
5178,4,1399971600,1399993200
5180,4,1400144400,1400166000
5181,4,1400230800,1400252400
5182,3,1396893600,1396894800
5183,3,1397066400,1397067600
5184,3,1397239200,1397240400
5185,3,1397498400,1397499600
5186,3,1397671200,1397672400
5188,3,1398103200,1398104400
5189,3,1398276000,1398277200
5192,3,1398880800,1398882000
5194,4,1397730000,1397746800
5196,4,1397725200,1397730000
5198,14,1400490000,1400522400
5199,14,1400576400,1400608800
5200,14,1400662800,1400695200
5201,14,1400749200,1400781600
5202,14,1400835600,1400868000
5203,14,1401094800,1401127200
5204,14,1401181200,1401213600
5205,14,1401267600,1401300000
5206,14,1401354000,1401386400
5207,14,1401440400,1401472800
5208,4,1398070800,1398092400
5216,1,1397811600,1397844000
5217,2,1397811600,1397844000
5218,3,1397811600,1397845200
5220,4,1397811600,1397829600
5237,4,1398092400,1398103200
5238,14,1399280400,1399312800
5239,14,1399366800,1399399200
5240,14,1399453200,1399485600
5241,14,1399539600,1399572000
5242,14,1399885200,1399917600
5243,14,1399971600,1400004000
5244,14,1400058000,1400090400
5245,14,1400144400,1400176800
5246,1,1398448800,1398450000
5298,14,1401699600,1401732000
5299,14,1401786000,1401818400
5300,14,1401872400,1401904800
5301,14,1401958800,1401991200
5302,14,1402304400,1402336800
5303,14,1402390800,1402423200
5304,14,1402477200,1402509600
5305,14,1402563600,1402596000
5306,14,1402909200,1402941600
5307,14,1402995600,1403028000
5308,14,1403082000,1403114400
5309,14,1403168400,1403200800
5310,14,1403514000,1403546400
5311,14,1403600400,1403632800
5312,14,1403686800,1403719200
5313,14,1403773200,1403805600
5314,14,1404118800,1404151200
5315,14,1404205200,1404237600
5316,14,1404291600,1404324000
5317,14,1404378000,1404410400
5318,14,1404723600,1404756000
5319,14,1404810000,1404842400
5320,14,1404896400,1404928800
5321,14,1404982800,1405015200
5322,14,1405328400,1405360800
5323,14,1405414800,1405447200
5324,14,1405501200,1405533600
5325,14,1405587600,1405620000
5326,14,1405933200,1405965600
5327,14,1406019600,1406052000
5328,14,1406106000,1406138400
5329,14,1406192400,1406224800
5330,14,1406538000,1406570400
5332,14,1406710800,1406743200
5333,14,1406797200,1406829600
5334,14,1402045200,1402059600
5335,14,1402650000,1402664400
5336,14,1403254800,1403269200
5339,14,1405069200,1405083600
5340,14,1405674000,1405688400
5341,14,1406278800,1406293200
5342,14,1406883600,1406898000
5344,14,1400230800,1400252400
5345,2,1398708000,1398711600
5346,2,1398794400,1398798000
5350,2,1399312800,1399316400
5351,2,1399399200,1399402800
5352,2,1399485600,1399489200
5353,2,1399572000,1399575600
5354,2,1399658400,1399662000
5355,2,1399917600,1399921200
5356,2,1400004000,1400007600
5357,2,1400090400,1400094000
5358,2,1400176800,1400180400
5359,2,1400263200,1400266800
5360,2,1400522400,1400526000
5361,2,1400608800,1400612400
5362,2,1400695200,1400698800
5363,2,1400781600,1400785200
5364,2,1400868000,1400871600
5367,2,1401300000,1401303600
5368,2,1401386400,1401390000
5369,2,1401472800,1401476400
5370,2,1401732000,1401735600
5372,2,1401904800,1401908400
5373,2,1401991200,1401994800
5374,2,1402077600,1402081200
5375,2,1402336800,1402340400
5377,2,1402509600,1402513200
5379,2,1402682400,1402686000
5380,2,1402941600,1402945200
5382,2,1403114400,1403118000
5384,2,1403287200,1403290800
5385,2,1403546400,1403550000
5387,2,1403719200,1403722800
5392,2,1404324000,1404327600
5395,2,1404756000,1404759600
5397,2,1404928800,1404932400
5415,14,1399626000,1399640400
5416,14,1398848400,1398849600
5417,2,1399402800,1399406400
5418,2,1399575600,1399579200
5419,2,1399662000,1399665600
5420,2,1400007600,1400011200
5421,2,1400180400,1400184000
5422,2,1400266800,1400270400
5423,2,1400612400,1400616000
5424,2,1400785200,1400788800
5425,2,1400871600,1400875200
5426,2,1401217200,1401220800
5427,2,1401390000,1401393600
5428,2,1401476400,1401480000
5429,2,1401822000,1401825600
5430,2,1401994800,1401998400
5432,2,1402426800,1402430400
5433,2,1402599600,1402603200
5434,2,1402686000,1402689600
5435,2,1403031600,1403035200
5436,2,1403204400,1403208000
5437,2,1403290800,1403294400
5438,2,1403550000,1403553600
5439,2,1403636400,1403640000
5440,2,1403722800,1403726400
5441,2,1403809200,1403812800
5445,2,1404327600,1404331200
5446,2,1404414000,1404417600
5448,2,1404759600,1404763200
5450,2,1404932400,1404936000
5488,14,1402059600,1402077600
5489,14,1402664400,1402682400
5490,14,1403269200,1403287200
5491,1,1399909200,1399917600
5492,3,1400248800,1400270400
5493,3,1400608800,1400616000
5494,3,1400781600,1400788800
5495,3,1401213600,1401220800
5496,3,1401386400,1401393600
5525,1,1400932800,1400954400
5526,1,1401537600,1401559200
5527,1,1402142400,1402164000
5528,1,1402747200,1402768800
5529,1,1403352000,1403373600
5535,2,1401818400,1401822000
5536,2,1402423200,1402426800
5537,2,1402596000,1402599600
5538,2,1403028000,1403031600
5539,2,1403200800,1403204400
5540,2,1403632800,1403636400
5541,2,1403805600,1403809200
5542,2,1404237600,1404241200
5543,2,1404410400,1404414000
5544,2,1404842400,1404846000
5545,2,1405015200,1405018800
5578,2,1401213600,1401217200
5579,2,1401735600,1401739200
5580,2,1401908400,1401912000
5624,15,1401699600,1401721200
5625,15,1401786000,1401807600
5626,15,1401872400,1401894000
5627,15,1401958800,1401980400
5628,15,1402045200,1402066800
5629,15,1402304400,1402326000
5630,15,1402390800,1402412400
5631,15,1402477200,1402498800
5632,15,1402563600,1402585200
5634,15,1402909200,1402930800
5635,15,1402995600,1403017200
5636,15,1403082000,1403103600
5637,15,1403168400,1403190000
5638,15,1403254800,1403276400
5639,15,1403514000,1403535600
5640,15,1403600400,1403622000
5641,15,1403686800,1403708400
5642,15,1403773200,1403794800
5644,15,1404118800,1404140400
5645,15,1404205200,1404226800
5646,15,1404291600,1404313200
5647,15,1404378000,1404399600
5648,15,1404464400,1404486000
5649,15,1404723600,1404745200
5650,15,1404810000,1404831600
5651,15,1404896400,1404918000
5652,15,1404982800,1405004400
5653,15,1405069200,1405090800
5654,15,1405328400,1405350000
5655,15,1405414800,1405436400
5656,15,1405501200,1405522800
5657,15,1405587600,1405609200
5658,15,1405674000,1405695600
5659,15,1405933200,1405954800
5660,15,1406019600,1406041200
5661,15,1406106000,1406127600
5662,15,1406192400,1406214000
5663,15,1406278800,1406300400
5664,15,1406538000,1406559600
5666,15,1406710800,1406732400
5667,15,1406797200,1406818800
5668,2,1404151200,1404154800
5670,2,1402513200,1402516800
5673,3,1407142800,1407164400
5674,3,1407229200,1407250800
5675,3,1407315600,1407337200
5676,3,1407402000,1407423600
5677,3,1407488400,1407510000
5678,3,1407747600,1407769200
5679,3,1407834000,1407855600
5680,3,1407920400,1407942000
5681,3,1408006800,1408028400
5682,3,1408093200,1408114800
5683,3,1408352400,1408374000
5684,3,1408438800,1408460400
5685,3,1408525200,1408546800
5686,3,1408611600,1408633200
5781,1,1402336800,1402344000
5782,1,1402423200,1402430400
5784,1,1402596000,1402603200
5785,1,1402682400,1402689600
5786,1,1402941600,1402948800
5787,1,1403028000,1403035200
5789,1,1403200800,1403208000
5791,1,1403546400,1403553600
5792,1,1403632800,1403640000
5794,1,1403805600,1403812800
5796,1,1404151200,1404158400
5797,1,1404237600,1404244800
5799,1,1404410400,1404417600
5801,1,1404756000,1404763200
5802,1,1404842400,1404849600
5804,1,1405015200,1405022400
5805,1,1405101600,1405108800
5809,1,1405620000,1405627200
5810,1,1405706400,1405713600
5821,1,1404561600,1404583200
5822,1,1405166400,1405188000
5825,2,1402945200,1402948800
5826,2,1403118000,1403121600
5827,1,1403719200,1403726400
5828,15,1402660800,1402671600
5829,2,1403082000,1403114400
5841,3,1408374000,1408392000
5842,3,1408460400,1408478400
5843,3,1408546800,1408564800
5844,3,1408633200,1408651200
5845,3,1408719600,1408737600
5942,4,1407142800,1407164400
5943,4,1407229200,1407250800
5944,3,1407164400,1407170400
5945,3,1407250800,1407256800
5947,3,1405533600,1405538400
5949,1,1405360800,1405365600
5950,1,1406376000,1406380800
5951,1,1405965600,1405970400
5952,1,1406052000,1406056800
5953,1,1406138400,1406143200
5954,15,1406883600,1406894400
5957,3,1407170400,1407175200
5958,3,1407256800,1407261600
5960,3,1407337200,1407348000
5961,3,1407423600,1407434400
5962,3,1407510000,1407520800
5963,3,1407769200,1407780000
5964,3,1407855600,1407866400
5965,3,1407942000,1407952800
5966,3,1408028400,1408039200
5967,3,1408114800,1408125600
5968,4,1407315600,1407348000
5969,4,1407402000,1407434400
5970,4,1407488400,1407520800
5971,4,1407747600,1407780000
5972,4,1407834000,1407866400
5973,4,1407920400,1407952800
5974,4,1408006800,1408039200
5975,4,1408093200,1408125600
5976,4,1406659200,1406661600
5977,14,1407142800,1407153600
5978,14,1407229200,1407240000
5979,14,1407315600,1407326400
5980,14,1407402000,1407412800
5981,14,1407488400,1407499200
5982,14,1407747600,1407758400
5983,14,1407834000,1407844800
5984,14,1407920400,1407931200
5985,14,1408006800,1408017600
5986,14,1408093200,1408104000
5987,15,1406638800,1406642400
5988,4,1407164400,1407175200
5989,4,1407250800,1407261600
5990,15,1406894400,1406901600
5991,14,1407153600,1407154800
5992,14,1407240000,1407242400
5993,14,1407412800,1407414000
5994,14,1407499200,1407502800
5995,1,1408179600,1408190400
5996,14,1407844800,1407848400
5997,14,1407931200,1407934800
6043,3,1409842800,1409853600
6064,1,1409997600,1410008400
6065,1,1410602400,1410613200
6066,1,1411207200,1411218000
6067,1,1411812000,1411822800
6068,3,1409155200,1409163600
6070,3,1409238000,1409248800
6071,3,1409070000,1409076000
6072,2,1409734800,1409767200
6073,3,1413298800,1413309600
6074,3,1413385200,1413396000
6075,3,1413471600,1413482400
6076,3,1413903600,1413914400
6078,3,1414076400,1414087200
6079,3,1414508400,1414519200
6081,3,1414681200,1414692000
6082,3,1415113200,1415124000
6084,3,1415286000,1415296800
6085,3,1415718000,1415728800
6087,3,1415890800,1415901600
6088,3,1416322800,1416333600
6090,3,1416495600,1416506400
6091,3,1416927600,1416938400
6094,3,1417532400,1417543200
6096,3,1417705200,1417716000
6097,3,1418137200,1418148000
6099,3,1418310000,1418320800
6100,3,1418742000,1418752800
6102,3,1418914800,1418925600
6108,1,1412416800,1412427600
6109,1,1413021600,1413032400
6110,1,1413626400,1413637200
6111,1,1414231200,1414242000
6112,1,1414836000,1414846800
6113,1,1415440800,1415451600
6114,1,1416045600,1416056400
6115,1,1416650400,1416661200
6116,1,1417255200,1417266000
6117,1,1417860000,1417870800
6118,1,1418464800,1418475600
6119,1,1419069600,1419080400
6120,1,1419674400,1419685200
6121,1,1414000800,1414004400
6132,2,1414000800,1414004400
6143,1,1414054800,1414087200
6144,1,1419411600,1419444000
6146,1,1419325200,1419357600
6148,1,1420189200,1420210800
6149,1,1420448400,1420470000
6150,1,1420794000,1420815600
6151,1,1421053200,1421074800
6152,1,1421398800,1421420400
6153,1,1421658000,1421679600
6154,1,1422003600,1422025200
6155,1,1422262800,1422284400
6156,1,1422608400,1422630000
6157,1,1422867600,1422889200
6158,1,1423213200,1423234800
6159,1,1423472400,1423494000
6160,1,1423818000,1423839600
6161,1,1424077200,1424098800
6162,1,1424422800,1424444400
6164,1,1425027600,1425049200
6165,1,1425286800,1425308400
6166,1,1425632400,1425654000
6167,1,1425891600,1425913200
6168,1,1426237200,1426258800
6169,1,1426496400,1426518000
6170,1,1426842000,1426863600
6171,1,1427101200,1427122800
6172,1,1427446800,1427468400
6173,1,1427706000,1427727600
6174,1,1420102800,1420135200
6175,1,1420534800,1420567200
6176,1,1420707600,1420740000
6177,1,1421139600,1421172000
6178,1,1421312400,1421344800
6179,1,1421744400,1421776800
6180,1,1421917200,1421949600
6181,1,1422349200,1422381600
6182,1,1422522000,1422554400
6183,1,1422954000,1422986400
6184,1,1423126800,1423159200
6185,1,1423558800,1423591200
6186,1,1423731600,1423764000
6187,1,1424163600,1424196000
6188,1,1424336400,1424368800
6189,1,1424768400,1424800800
6190,1,1424941200,1424973600
6191,1,1425373200,1425405600
6192,1,1425546000,1425578400
6193,1,1425978000,1426010400
6194,1,1426150800,1426183200
6195,1,1426582800,1426615200
6196,1,1426755600,1426788000
6197,1,1427187600,1427220000
6198,1,1427360400,1427392800
6199,1,1427792400,1427824800
6200,1,1420621200,1420657200
6201,1,1421226000,1421262000
6202,1,1421830800,1421866800
6203,1,1422435600,1422471600
6204,1,1423040400,1423076400
6205,1,1423645200,1423681200
6206,1,1424250000,1424286000
6208,1,1425459600,1425495600
6209,1,1426064400,1426100400
6210,1,1426669200,1426705200
6211,1,1427274000,1427310000
6213,1,1420279200,1420290000
6214,1,1420884000,1420894800
6215,1,1421488800,1421499600
6216,1,1422093600,1422104400
6217,1,1422698400,1422709200
6218,1,1423303200,1423314000
6219,1,1423908000,1423918800
6220,1,1424512800,1424523600
6221,1,1425117600,1425128400
6222,1,1425722400,1425733200
6223,1,1426327200,1426338000
6224,1,1426932000,1426942800
6225,1,1427536800,1427547600
6226,1,1416560400,1416592800
6227,2,1418828400,1418839200
6228,2,1420102800,1420135200
6229,2,1420189200,1420221600
6230,2,1420448400,1420480800
6231,2,1420534800,1420567200
6232,2,1420621200,1420653600
6233,2,1420707600,1420740000
6234,2,1420794000,1420826400
6235,2,1421053200,1421085600
6236,2,1421139600,1421172000
6237,2,1421226000,1421258400
6238,2,1421312400,1421344800
6239,2,1421398800,1421431200
6240,2,1421658000,1421690400
6241,2,1421744400,1421776800
6242,2,1421830800,1421863200
6243,2,1421917200,1421949600
6244,2,1422003600,1422036000
6245,2,1422262800,1422295200
6246,2,1422349200,1422381600
6247,2,1422435600,1422468000
6248,2,1422522000,1422554400
6249,2,1422608400,1422640800
6250,2,1422867600,1422900000
6251,2,1422954000,1422986400
6252,2,1423040400,1423072800
6253,2,1423126800,1423159200
6254,2,1423213200,1423245600
6255,2,1423472400,1423504800
6256,2,1423558800,1423591200
6257,2,1423645200,1423677600
6258,2,1423731600,1423764000
6259,2,1423818000,1423850400
6260,2,1424077200,1424109600
6261,2,1424163600,1424196000
6262,2,1424250000,1424282400
6263,2,1424336400,1424368800
6264,2,1424422800,1424455200
6265,2,1424682000,1424714400
6266,2,1424768400,1424800800
6267,2,1424854800,1424887200
6268,2,1424941200,1424973600
6269,2,1425027600,1425060000
6270,2,1425286800,1425319200
6271,2,1425373200,1425405600
6272,2,1425459600,1425492000
6273,2,1425546000,1425578400
6274,2,1425632400,1425664800
6275,2,1425891600,1425924000
6276,2,1425978000,1426010400
6277,2,1426064400,1426096800
6278,2,1426150800,1426183200
6279,2,1426237200,1426269600
6280,2,1426496400,1426528800
6282,2,1426669200,1426701600
6283,2,1426755600,1426788000
6284,2,1426842000,1426874400
6285,2,1427101200,1427133600
6286,2,1427187600,1427220000
6287,2,1427274000,1427306400
6288,2,1427360400,1427392800
6289,2,1427446800,1427479200
6290,2,1427706000,1427738400
6291,2,1427792400,1427824800
6292,2,1427878800,1427911200
6293,2,1427965200,1427997600
6294,2,1428051600,1428084000
6295,2,1428310800,1428343200
6296,2,1428397200,1428429600
6297,2,1428483600,1428516000
6298,2,1428570000,1428602400
6299,2,1428656400,1428688800
6300,2,1428915600,1428948000
6301,2,1429002000,1429034400
6302,2,1429088400,1429120800
6303,2,1429174800,1429207200
6304,2,1429261200,1429293600
6305,2,1429520400,1429552800
6306,2,1429606800,1429639200
6307,2,1429693200,1429725600
6308,2,1429779600,1429812000
6309,2,1429866000,1429898400
6310,2,1430125200,1430157600
6311,2,1430211600,1430244000
6312,2,1430298000,1430330400
6313,2,1430384400,1430416800
6314,2,1430470800,1430503200
6315,2,1430730000,1430762400
6316,2,1430816400,1430848800
6317,2,1430902800,1430935200
6319,2,1431075600,1431108000
6320,2,1431334800,1431367200
6321,2,1431421200,1431453600
6322,2,1431507600,1431540000
6323,2,1431594000,1431626400
6324,2,1431680400,1431712800
6325,2,1431939600,1431972000
6326,2,1432026000,1432058400
6327,2,1432112400,1432144800
6328,2,1432198800,1432231200
6329,2,1432285200,1432317600
6330,2,1432544400,1432576800
6331,2,1432630800,1432663200
6332,2,1432717200,1432749600
6333,2,1432803600,1432836000
6334,2,1432890000,1432922400
6335,2,1433149200,1433181600
6336,2,1433235600,1433268000
6337,2,1433322000,1433354400
6338,2,1433408400,1433440800
6339,2,1433494800,1433527200
6340,2,1433754000,1433786400
6341,2,1433840400,1433872800
6342,2,1433926800,1433959200
6343,2,1434013200,1434045600
6344,2,1434099600,1434132000
6345,2,1434358800,1434391200
6346,2,1434445200,1434477600
6347,2,1434531600,1434564000
6348,2,1434618000,1434650400
6349,2,1434704400,1434736800
6350,2,1434963600,1434996000
6351,2,1435050000,1435082400
6352,2,1435136400,1435168800
6353,2,1435222800,1435255200
6354,2,1435309200,1435341600
6355,2,1435568400,1435600800
6356,2,1435654800,1435687200
6357,2,1435741200,1435773600
6358,2,1435827600,1435860000
6359,2,1435914000,1435946400
6360,2,1436173200,1436205600
6361,2,1436259600,1436292000
6362,2,1436346000,1436378400
6363,2,1436432400,1436464800
6364,2,1436518800,1436551200
6365,2,1436778000,1436810400
6366,2,1436864400,1436896800
6367,2,1436950800,1436983200
6368,2,1437037200,1437069600
6401,2,1441098000,1441130400
6402,2,1441184400,1441216800
6403,2,1441270800,1441303200
6404,2,1441357200,1441389600
6405,2,1441616400,1441648800
6406,2,1441702800,1441735200
6407,2,1441789200,1441821600
6408,2,1441875600,1441908000
6409,2,1441962000,1441994400
6410,2,1442221200,1442253600
6411,2,1442307600,1442340000
6412,2,1442394000,1442426400
6413,2,1442480400,1442512800
6414,2,1442566800,1442599200
6415,2,1442826000,1442858400
6416,2,1442912400,1442944800
6417,2,1442998800,1443031200
6418,2,1443085200,1443117600
6419,2,1443171600,1443204000
6420,2,1443430800,1443463200
6421,2,1443517200,1443549600
6422,2,1443603600,1443636000
6423,2,1443690000,1443722400
6424,2,1443776400,1443808800
6425,2,1444035600,1444068000
6426,2,1444122000,1444154400
6427,2,1444208400,1444240800
6428,2,1444294800,1444327200
6429,2,1444381200,1444413600
6430,2,1444640400,1444672800
6431,2,1444726800,1444759200
6432,2,1444813200,1444845600
6433,2,1444899600,1444932000
6434,2,1444986000,1445018400
6435,2,1445245200,1445277600
6436,2,1445331600,1445364000
6437,2,1445418000,1445450400
6438,2,1445504400,1445536800
6439,2,1445590800,1445623200
6440,2,1445850000,1445882400
6441,2,1445936400,1445968800
6442,2,1446022800,1446055200
6443,2,1446109200,1446141600
6444,2,1446195600,1446228000
6445,2,1446454800,1446487200
6446,2,1446541200,1446573600
6447,2,1446627600,1446660000
6448,2,1446714000,1446746400
6449,2,1446800400,1446832800
6450,2,1447059600,1447092000
6451,2,1447146000,1447178400
6452,2,1447232400,1447264800
6453,2,1447318800,1447351200
6454,2,1447405200,1447437600
6455,2,1447664400,1447696800
6456,2,1447750800,1447783200
6457,2,1447837200,1447869600
6458,2,1447923600,1447956000
6459,2,1448010000,1448042400
6460,2,1448269200,1448301600
6461,2,1448355600,1448388000
6465,2,1448874000,1448906400
6466,2,1448960400,1448992800
6467,2,1449046800,1449079200
6468,2,1449133200,1449165600
6469,2,1449219600,1449252000
6470,2,1449478800,1449511200
6471,2,1449565200,1449597600
6472,2,1449651600,1449684000
6473,2,1449738000,1449770400
6474,2,1449824400,1449856800
6475,2,1450083600,1450116000
6476,2,1450170000,1450202400
6477,2,1450256400,1450288800
6478,2,1450342800,1450375200
6479,2,1450429200,1450461600
6489,1,1427878800,1427911200
6490,1,1427965200,1427997600
6491,1,1428051600,1428084000
6492,1,1428310800,1428343200
6493,1,1428397200,1428429600
6494,1,1428483600,1428516000
6495,1,1428570000,1428602400
6496,1,1428656400,1428688800
6497,1,1428915600,1428948000
6498,1,1429002000,1429034400
6499,1,1429088400,1429120800
6500,1,1429174800,1429207200
6501,1,1429261200,1429293600
6502,1,1429520400,1429552800
6503,1,1429606800,1429639200
6504,1,1429693200,1429725600
6505,1,1429779600,1429812000
6506,1,1429866000,1429898400
6507,1,1430125200,1430157600
6508,1,1430211600,1430244000
6509,1,1430298000,1430330400
6510,1,1430384400,1430416800
6511,1,1430470800,1430503200
6512,1,1430730000,1430762400
6513,1,1430816400,1430848800
6514,1,1430902800,1430935200
6515,1,1430989200,1431021600
6516,1,1431075600,1431108000
6517,1,1431334800,1431367200
6518,1,1431421200,1431453600
6519,1,1431507600,1431540000
6520,1,1431594000,1431626400
6521,1,1431680400,1431712800
6522,1,1431939600,1431972000
6523,1,1432026000,1432058400
6524,1,1432112400,1432144800
6525,1,1432198800,1432231200
6526,1,1432285200,1432317600
6527,1,1432544400,1432576800
6528,1,1432630800,1432663200
6529,1,1432717200,1432749600
6530,1,1432803600,1432836000
6531,1,1432890000,1432922400
6532,1,1433149200,1433181600
6533,1,1433235600,1433268000
6534,1,1433322000,1433354400
6535,1,1433408400,1433440800
6536,1,1433494800,1433527200
6537,1,1433754000,1433786400
6538,1,1433840400,1433872800
6539,1,1433926800,1433959200
6540,1,1434013200,1434045600
6541,1,1434099600,1434132000
6542,1,1434358800,1434391200
6543,1,1434445200,1434477600
6544,1,1434531600,1434564000
6545,1,1434618000,1434650400
6546,1,1434704400,1434736800
6547,1,1434963600,1434996000
6548,1,1435050000,1435082400
6549,1,1435136400,1435168800
6550,1,1435222800,1435255200
6551,1,1435309200,1435341600
6552,1,1435568400,1435600800
6553,1,1435654800,1435687200
6554,1,1435741200,1435773600
6555,1,1435827600,1435860000
6556,1,1435914000,1435946400
6557,1,1436173200,1436205600
6558,1,1436259600,1436292000
6559,1,1436346000,1436378400
6562,1,1436778000,1436810400
6563,1,1436864400,1436896800
6564,1,1436950800,1436983200
6565,1,1437037200,1437069600
6598,1,1441098000,1441130400
6599,1,1441184400,1441216800
6600,1,1441270800,1441303200
6601,1,1441357200,1441389600
6602,1,1441616400,1441648800
6603,1,1441702800,1441735200
6604,1,1441789200,1441821600
6605,1,1441875600,1441908000
6606,1,1441962000,1441994400
6607,1,1442221200,1442253600
6608,1,1442307600,1442340000
6609,1,1442394000,1442426400
6610,1,1442480400,1442512800
6612,1,1442826000,1442858400
6613,1,1442912400,1442944800
6614,1,1442998800,1443031200
6615,1,1443085200,1443117600
6616,1,1443171600,1443204000
6617,1,1443430800,1443463200
6618,1,1443517200,1443549600
6619,1,1443603600,1443636000
6620,1,1443690000,1443722400
6621,1,1443776400,1443808800
6622,1,1444035600,1444068000
6623,1,1444122000,1444154400
6624,1,1444208400,1444240800
6625,1,1444294800,1444327200
6626,1,1444381200,1444413600
6627,1,1444640400,1444672800
6628,1,1444726800,1444759200
6629,1,1444813200,1444845600
6630,1,1444899600,1444932000
6631,1,1444986000,1445018400
6632,1,1445245200,1445277600
6633,1,1445331600,1445364000
6634,1,1445418000,1445450400
6635,1,1445504400,1445536800
6636,1,1445590800,1445623200
6637,1,1445850000,1445882400
6638,1,1445936400,1445968800
6639,1,1446022800,1446055200
6640,1,1446109200,1446141600
6641,1,1446195600,1446228000
6642,1,1446454800,1446487200
6643,1,1446541200,1446573600
6644,1,1446627600,1446660000
6645,1,1446714000,1446746400
6646,1,1446800400,1446832800
6647,1,1447059600,1447092000
6648,1,1447146000,1447178400
6649,1,1447232400,1447264800
6650,1,1447318800,1447351200
6651,1,1447405200,1447437600
6652,1,1447664400,1447696800
6653,1,1447750800,1447783200
6654,1,1447837200,1447869600
6655,1,1447923600,1447956000
6656,1,1448010000,1448042400
6657,1,1448269200,1448301600
6658,1,1448355600,1448388000
6662,1,1448874000,1448906400
6663,1,1448960400,1448992800
6664,1,1449046800,1449079200
6665,1,1449133200,1449165600
6666,1,1449219600,1449252000
6667,1,1449478800,1449511200
6668,1,1449565200,1449597600
6669,1,1449651600,1449684000
6670,1,1449738000,1449770400
6671,1,1449824400,1449856800
6672,1,1450083600,1450116000
6673,1,1450170000,1450202400
6674,1,1450256400,1450288800
6675,1,1450342800,1450375200
6676,1,1450429200,1450461600
6687,1,1428746400,1428757200
6688,1,1429351200,1429362000
6689,1,1429956000,1429966800
6690,1,1430560800,1430571600
6691,1,1431165600,1431176400
6692,1,1431770400,1431781200
6693,1,1432375200,1432386000
6694,1,1432980000,1432990800
6695,1,1433584800,1433595600
6696,1,1434189600,1434200400
6697,1,1434794400,1434805200
6698,1,1435399200,1435410000
6699,1,1436004000,1436014800
6700,1,1436608800,1436619600
6710,1,1442656800,1442667600
6711,1,1443261600,1443272400
6712,1,1443866400,1443877200
6713,1,1444471200,1444482000
6714,1,1445076000,1445086800
6715,1,1445680800,1445691600
6716,1,1446285600,1446296400
6717,1,1446890400,1446901200
6718,1,1447495200,1447506000
6719,1,1448100000,1448110800
6720,1,1448704800,1448715600
6721,1,1449309600,1449320400
6722,1,1449914400,1449925200
6723,1,1450519200,1450530000
6724,1,1451124000,1451134800
6725,2,1417443600,1417444800
6726,2,1418655600,1418666400
6727,2,1419001200,1419012000
6728,1,1419260400,1419271200
6729,1,1420210800,1420221600
6730,1,1420470000,1420480800
6731,1,1420815600,1420826400
6732,1,1421074800,1421085600
6733,1,1421420400,1421431200
6734,1,1421679600,1421690400
6735,1,1422025200,1422036000
6736,1,1422284400,1422295200
6737,1,1422630000,1422640800
6738,1,1422889200,1422900000
6739,1,1423234800,1423245600
6740,1,1423494000,1423504800
6741,1,1423839600,1423850400
6742,1,1424098800,1424109600
6743,1,1424444400,1424455200
6744,1,1424703600,1424714400
6745,1,1425049200,1425060000
6746,1,1425308400,1425319200
6747,1,1425654000,1425664800
6748,1,1425913200,1425924000
6749,1,1426258800,1426269600
6750,1,1426518000,1426528800
6751,1,1426863600,1426874400
6752,1,1427122800,1427133600
6753,1,1427468400,1427479200
6754,1,1427727600,1427738400
6755,3,1420556400,1420567200
6756,3,1420729200,1420740000
6757,3,1421161200,1421172000
6758,3,1421334000,1421344800
6759,3,1421766000,1421776800
6760,3,1421938800,1421949600
6761,3,1422370800,1422381600
6762,3,1422543600,1422554400
6763,3,1422975600,1422986400
6764,3,1423148400,1423159200
6765,3,1423580400,1423591200
6766,3,1423753200,1423764000
6767,3,1424185200,1424196000
6768,3,1424358000,1424368800
6769,3,1424790000,1424800800
6770,3,1424962800,1424973600
6771,3,1425394800,1425405600
6772,3,1425567600,1425578400
6773,3,1425999600,1426010400
6774,3,1426172400,1426183200
6775,3,1426604400,1426615200
6776,3,1426777200,1426788000
6777,3,1427209200,1427220000
6778,3,1427382000,1427392800
6780,3,1427814000,1427824800
6781,3,1427878800,1427900400
6782,3,1427965200,1427986800
6783,3,1428051600,1428073200
6784,3,1428310800,1428332400
6785,3,1428397200,1428418800
6786,3,1428483600,1428505200
6787,3,1428570000,1428591600
6788,3,1428656400,1428678000
6789,3,1428915600,1428937200
6790,3,1429002000,1429023600
6791,3,1429088400,1429110000
6792,3,1429174800,1429196400
6793,3,1429261200,1429282800
6794,3,1429520400,1429542000
6795,3,1429606800,1429628400
6796,3,1429693200,1429714800
6797,3,1429779600,1429801200
6798,3,1429866000,1429887600
6799,3,1430125200,1430146800
6800,3,1430211600,1430233200
6801,3,1430298000,1430319600
6802,3,1430384400,1430406000
6803,3,1430470800,1430492400
6804,3,1430730000,1430751600
6805,3,1430816400,1430838000
6806,3,1430902800,1430924400
6807,3,1430989200,1431010800
6808,3,1431075600,1431097200
6809,3,1431334800,1431356400
6810,3,1431421200,1431442800
6811,3,1431507600,1431529200
6812,3,1431594000,1431615600
6813,3,1431680400,1431702000
6814,3,1431939600,1431961200
6815,3,1432026000,1432047600
6816,3,1432112400,1432134000
6817,3,1432198800,1432220400
6818,3,1432285200,1432306800
6819,3,1432544400,1432566000
6820,3,1432630800,1432652400
6821,3,1432717200,1432738800
6822,3,1432803600,1432825200
6823,3,1432890000,1432911600
6824,3,1433149200,1433170800
6825,3,1433235600,1433257200
6826,3,1433322000,1433343600
6827,3,1433408400,1433430000
6828,3,1433494800,1433516400
6829,3,1433754000,1433775600
6830,3,1433840400,1433862000
6831,3,1433926800,1433948400
6832,3,1434013200,1434034800
6833,3,1434099600,1434121200
6834,3,1434358800,1434380400
6835,3,1434445200,1434466800
6836,3,1434531600,1434553200
6837,3,1434618000,1434639600
6838,3,1434704400,1434726000
6839,3,1434963600,1434985200
6840,3,1435050000,1435071600
6841,3,1435136400,1435158000
6842,3,1435222800,1435244400
6843,3,1435309200,1435330800
6844,3,1435568400,1435590000
6845,3,1435654800,1435676400
6846,3,1435741200,1435762800
6847,3,1435827600,1435849200
6848,3,1435914000,1435935600
6849,3,1436173200,1436194800
6850,3,1436259600,1436281200
6851,3,1436346000,1436367600
6852,3,1436432400,1436454000
6853,3,1436518800,1436540400
6854,3,1436778000,1436799600
6869,3,1427900400,1427911200
6870,3,1427986800,1427997600
6871,3,1428073200,1428084000
6872,3,1428332400,1428343200
6873,3,1428418800,1428429600
6874,3,1428505200,1428516000
6875,3,1428591600,1428602400
6876,3,1428678000,1428688800
6877,3,1428937200,1428948000
6878,3,1429023600,1429034400
6879,3,1429110000,1429120800
6880,3,1429196400,1429207200
6881,3,1429282800,1429293600
6882,3,1429542000,1429552800
6883,3,1429628400,1429639200
6884,3,1429714800,1429725600
6885,3,1429801200,1429812000
6886,3,1429887600,1429898400
6887,3,1430146800,1430157600
6888,3,1430233200,1430244000
6889,3,1430319600,1430330400
6890,3,1430406000,1430416800
6891,3,1430492400,1430503200
6892,3,1430751600,1430762400
6893,3,1430838000,1430848800
6894,3,1430924400,1430935200
6895,3,1431010800,1431021600
6896,3,1431097200,1431108000
6897,3,1431356400,1431367200
6898,3,1431442800,1431453600
6899,3,1431529200,1431540000
6900,3,1431615600,1431626400
6901,3,1431702000,1431712800
6902,3,1431961200,1431972000
6903,3,1432047600,1432058400
6904,3,1432134000,1432144800
6905,3,1432220400,1432231200
6906,3,1432306800,1432317600
6907,3,1432566000,1432576800
6908,3,1432652400,1432663200
6909,3,1432738800,1432749600
6910,3,1432825200,1432836000
6911,3,1432911600,1432922400
6913,3,1433257200,1433268000
6914,3,1433343600,1433354400
6915,3,1433430000,1433440800
6918,3,1433862000,1433872800
6919,3,1433948400,1433959200
6920,3,1434034800,1434045600
6923,3,1434466800,1434477600
6924,3,1434553200,1434564000
6925,3,1434639600,1434650400
6928,3,1435071600,1435082400
6929,3,1435158000,1435168800
6930,3,1435244400,1435255200
6933,3,1435676400,1435687200
6934,3,1435762800,1435773600
6935,3,1435849200,1435860000
6938,3,1436281200,1436292000
6939,3,1436367600,1436378400
6943,3,1436886000,1436896800
6944,3,1436972400,1436983200
6945,3,1437058800,1437069600
6948,3,1437490800,1437501600
6957,3,1418224800,1418234400
6958,3,1418829600,1418839200
6969,3,1420534800,1420556400
6970,3,1420707600,1420729200
6971,3,1421139600,1421161200
6972,3,1421312400,1421334000
6973,3,1421744400,1421766000
6974,3,1421917200,1421938800
6975,3,1422349200,1422370800
6976,3,1422522000,1422543600
6977,3,1422954000,1422975600
6978,3,1423126800,1423148400
6979,3,1423558800,1423580400
6980,3,1423731600,1423753200
6981,3,1424163600,1424185200
6982,3,1424336400,1424358000
6983,3,1424768400,1424790000
6984,3,1424941200,1424962800
6985,3,1425373200,1425394800
6987,3,1425978000,1425999600
6988,3,1426150800,1426172400
6991,3,1427187600,1427209200
6992,3,1427360400,1427382000
6993,3,1427792400,1427814000
6994,3,1425308400,1425319200
6995,3,1425481200,1425492000
6996,3,1425654000,1425664800
6997,3,1425913200,1425924000
6998,3,1426086000,1426096800
6999,3,1426258800,1426269600
7000,3,1426518000,1426528800
7001,3,1426690800,1426701600
7002,3,1426863600,1426874400
7003,3,1427122800,1427133600
7004,3,1427295600,1427306400
7005,3,1427468400,1427479200
7006,3,1427727600,1427738400
7007,4,1422975600,1422986400
7009,4,1423148400,1423159200
7010,4,1423580400,1423591200
7011,4,1423666800,1423677600
7012,4,1423753200,1423764000
7019,4,1425394800,1425405600
7020,4,1425481200,1425492000
7021,4,1425567600,1425578400
7022,4,1425999600,1426010400
7023,4,1426086000,1426096800
7024,4,1426172400,1426183200
7025,4,1426604400,1426615200
7026,4,1426690800,1426701600
7028,4,1427209200,1427220000
7029,4,1427295600,1427306400
7030,4,1427382000,1427392800
7031,4,1427814000,1427824800
7032,4,1427900400,1427911200
7033,4,1427986800,1427997600
7034,4,1428418800,1428429600
7035,4,1428505200,1428516000
7036,4,1428591600,1428602400
7037,4,1429023600,1429034400
7038,4,1429110000,1429120800
7039,4,1429196400,1429207200
7040,4,1429628400,1429639200
7041,4,1429714800,1429725600
7042,4,1429801200,1429812000
7043,4,1430233200,1430244000
7044,4,1430319600,1430330400
7045,4,1430406000,1430416800
7046,4,1430838000,1430848800
7047,4,1430924400,1430935200
7048,4,1431010800,1431021600
7049,4,1431442800,1431453600
7050,4,1431529200,1431540000
7051,4,1431615600,1431626400
7052,4,1432047600,1432058400
7053,4,1432134000,1432144800
7054,4,1432220400,1432231200
7055,4,1432652400,1432663200
7056,4,1432738800,1432749600
7057,4,1432825200,1432836000
7059,3,1420470000,1420480800
7060,3,1420815600,1420826400
7062,3,1421420400,1421431200
7063,3,1421679600,1421690400
7065,3,1422284400,1422295200
7066,3,1422630000,1422640800
7067,3,1422889200,1422900000
7068,3,1423234800,1423245600
7069,3,1423494000,1423504800
7070,3,1423839600,1423850400
7071,3,1424098800,1424109600
7072,3,1424444400,1424455200
7073,3,1424703600,1424714400
7074,3,1425049200,1425060000
7075,3,1420642800,1420653600
7076,3,1421247600,1421258400
7077,3,1421852400,1421863200
7078,3,1422457200,1422468000
7079,3,1423062000,1423072800
7080,3,1423666800,1423677600
7081,3,1424271600,1424282400
7082,3,1424876400,1424887200
7083,1,1424876400,1424887200
7084,3,1422877200,1422889200
7085,3,1423050000,1423062000
7086,3,1423222800,1423234800
7087,3,1423482000,1423494000
7088,3,1423654800,1423666800
7089,3,1423827600,1423839600
7090,3,1424086800,1424098800
7091,3,1424259600,1424271600
7092,3,1424432400,1424444400
7093,4,1422963600,1422975600
7094,4,1423136400,1423148400
7095,4,1423568400,1423580400
7096,4,1423741200,1423753200
7098,4,1424346000,1424358000
7099,3,1425296400,1425308400
7100,3,1425469200,1425481200
7101,3,1425642000,1425654000
7102,3,1425901200,1425913200
7103,3,1426074000,1426086000
7104,3,1426246800,1426258800
7105,3,1426506000,1426518000
7106,3,1426678800,1426690800
7107,3,1426851600,1426863600
7108,3,1427110800,1427122800
7109,3,1427283600,1427295600
7110,3,1427456400,1427468400
7111,3,1427715600,1427727600
7112,4,1425382800,1425394800
7113,4,1425555600,1425567600
7114,4,1425987600,1425999600
7115,4,1426160400,1426172400
7116,4,1426592400,1426604400
7118,4,1427197200,1427209200
7119,4,1427370000,1427382000
7120,4,1427802000,1427814000
7121,4,1427974800,1427986800
7122,4,1428406800,1428418800
7123,4,1428579600,1428591600
7124,4,1429011600,1429023600
7125,4,1429184400,1429196400
7126,4,1429616400,1429628400
7127,4,1429789200,1429801200
7128,4,1430221200,1430233200
7129,4,1430394000,1430406000
7130,4,1430826000,1430838000
7131,4,1430998800,1431010800
7132,4,1431430800,1431442800
7133,4,1431603600,1431615600
7134,4,1432035600,1432047600
7135,4,1432208400,1432220400
7136,4,1432640400,1432652400
7137,4,1432813200,1432825200
7138,3,1425632400,1425640800
7139,3,1426237200,1426245600
7140,3,1426842000,1426850400
7141,3,1427446800,1427455200
7144,2,1422093600,1422104400
7145,2,1422698400,1422709200
7146,2,1423303200,1423314000
7147,2,1423908000,1423918800
7148,2,1424512800,1424523600
7150,2,1425722400,1425733200
7151,2,1426327200,1426338000
7152,2,1426932000,1426942800
7156,2,1429351200,1429362000
7157,2,1429956000,1429966800
7158,2,1430560800,1430571600
7159,2,1431165600,1431176400
7160,2,1431770400,1431781200
7161,2,1432375200,1432386000
7162,2,1432980000,1432990800
7163,3,1422025200,1422036000
7167,4,1433149200,1433181600
7168,4,1433235600,1433268000
7169,4,1433322000,1433354400
7170,4,1433408400,1433440800
7171,4,1433494800,1433527200
7172,4,1433754000,1433786400
7173,4,1433840400,1433872800
7174,4,1433926800,1433959200
7175,4,1434013200,1434045600
7176,4,1434099600,1434132000
7177,4,1434358800,1434391200
7178,4,1434445200,1434477600
7179,4,1434531600,1434564000
7180,4,1434618000,1434650400
7181,4,1434704400,1434736800
7182,4,1434963600,1434996000
7183,4,1435050000,1435082400
7184,4,1435136400,1435168800
7185,4,1435222800,1435255200
7186,4,1435309200,1435341600
7187,4,1435568400,1435600800
7188,4,1435654800,1435687200
7189,4,1435741200,1435773600
7190,4,1435827600,1435860000
7191,4,1435914000,1435946400
7192,4,1436173200,1436205600
7193,4,1436259600,1436292000
7194,4,1436346000,1436378400
7195,4,1436432400,1436464800
7196,4,1436518800,1436551200
7197,4,1436778000,1436810400
7198,4,1436864400,1436896800
7199,4,1436950800,1436983200
7200,4,1437037200,1437069600
7233,14,1433149200,1433181600
7234,14,1433235600,1433268000
7235,14,1433322000,1433354400
7236,14,1433408400,1433440800
7237,14,1433494800,1433527200
7238,14,1433754000,1433786400
7239,14,1433840400,1433872800
7240,14,1433926800,1433959200
7241,14,1434013200,1434045600
7243,14,1434358800,1434391200
7244,14,1434445200,1434477600
7245,14,1434531600,1434564000
7246,14,1434618000,1434650400
7247,14,1434704400,1434736800
7248,14,1434963600,1434996000
7249,14,1435050000,1435082400
7250,14,1435136400,1435168800
7251,14,1435222800,1435255200
7252,14,1435309200,1435341600
7253,14,1435568400,1435600800
7254,14,1435654800,1435687200
7255,14,1435741200,1435773600
7256,14,1435827600,1435860000
7257,14,1435914000,1435946400
7258,14,1436173200,1436205600
7259,14,1436259600,1436292000
7260,14,1436346000,1436378400
7261,14,1436432400,1436464800
7262,14,1436518800,1436551200
7263,14,1436778000,1436810400
7264,14,1436864400,1436896800
7265,14,1436950800,1436983200
7266,14,1437037200,1437069600
7299,2,1433584800,1433595600
7300,2,1434189600,1434200400
7301,2,1434794400,1434805200
7302,2,1435399200,1435410000
7303,2,1436004000,1436014800
7304,2,1436608800,1436619600
7312,4,1424173200,1424185200
7313,4,1424365200,1424366400
7315,14,1424682000,1424714400
7316,14,1425286800,1425319200
7317,14,1425891600,1425924000
7318,14,1426496400,1426528800
7319,14,1427101200,1427133600
7320,14,1427706000,1427738400
7321,14,1428310800,1428343200
7322,14,1428915600,1428948000
7323,14,1429520400,1429552800
7324,14,1430125200,1430157600
7325,14,1430730000,1430762400
7326,14,1431334800,1431367200
7327,14,1431939600,1431972000
7329,14,1424426400,1424440800
7330,14,1425031200,1425045600
7331,14,1425636000,1425650400
7332,14,1426240800,1426255200
7333,14,1426845600,1426860000
7334,14,1427450400,1427464800
7335,14,1428055200,1428069600
7336,14,1428660000,1428674400
7337,14,1429264800,1429279200
7339,14,1430474400,1430488800
7340,14,1431079200,1431093600
7341,14,1431684000,1431698400
7342,14,1432288800,1432303200
7343,14,1432893600,1432908000
7344,4,1425308400,1425319200
7345,4,1425913200,1425924000
7346,4,1426518000,1426528800
7347,4,1427122800,1427133600
7348,4,1427727600,1427738400
7350,4,1428937200,1428948000
7351,4,1429542000,1429552800
7352,4,1430146800,1430157600
7353,4,1430751600,1430762400
7354,4,1431356400,1431367200
7355,4,1431961200,1431972000
7356,4,1432566000,1432576800
7357,1,1428141600,1428152400
7358,2,1428141600,1428152400
7359,3,1426245600,1426246800
7360,3,1426850400,1426851600
7361,3,1427455200,1427456400
7362,3,1426327200,1426338000
7363,3,1426932000,1426942800
7364,3,1427536800,1427547600
7366,3,1428746400,1428757200
7367,3,1429351200,1429362000
7368,3,1429956000,1429966800
7369,3,1430560800,1430571600
7370,3,1431165600,1431176400
7371,3,1431770400,1431781200
7372,3,1432375200,1432386000
7373,3,1432980000,1432990800
7374,4,1425978000,1425987600
7375,4,1426150800,1426160400
7376,4,1426582800,1426592400
7377,4,1426755600,1426765200
7378,4,1427187600,1427197200
7379,4,1427360400,1427370000
7380,4,1427792400,1427802000
7381,4,1427965200,1427974800
7382,4,1428397200,1428406800
7383,4,1428570000,1428579600
7384,4,1429002000,1429011600
7385,4,1429174800,1429184400
7386,4,1429606800,1429616400
7387,4,1429779600,1429789200
7388,4,1430211600,1430221200
7389,4,1430384400,1430394000
7390,4,1430816400,1430826000
7391,4,1430989200,1430998800
7392,4,1431421200,1431430800
7393,4,1431594000,1431603600
7394,4,1432026000,1432035600
7395,4,1432198800,1432208400
7396,4,1432630800,1432640400
7397,4,1432803600,1432813200
7398,3,1426496400,1426506000
7399,3,1426669200,1426678800
7400,3,1427101200,1427110800
7401,3,1427274000,1427283600
7402,3,1427706000,1427715600
7403,3,1426064400,1426074000
7404,4,1427468400,1427479200
7405,4,1428073200,1428084000
7407,4,1429282800,1429293600
7408,4,1429887600,1429898400
7409,4,1430492400,1430503200
7410,4,1431097200,1431108000
7411,4,1431702000,1431712800
7412,4,1432306800,1432317600
7413,4,1432911600,1432922400
7414,4,1426765200,1426777200
7415,4,1429956000,1429966800
7416,4,1430560800,1430571600
7417,4,1431165600,1431176400
7418,4,1431770400,1431781200
7419,4,1432375200,1432386000
7420,4,1432980000,1432990800
7421,14,1430211600,1430232000
7422,14,1430384400,1430404800
7423,14,1430816400,1430836800
7424,14,1430989200,1431009600
7425,14,1431421200,1431441600
7426,14,1431594000,1431614400
7429,14,1432630800,1432651200
7430,14,1432039200,1432047600
7431,14,1432212000,1432220400
7432,14,1430470800,1430474400
7433,14,1431075600,1431079200
7434,14,1431680400,1431684000
7435,14,1432285200,1432288800
7436,14,1432890000,1432893600
7437,4,1431075600,1431097200
7438,4,1431680400,1431702000
7439,4,1432298400,1432306800
7440,4,1432903200,1432911600
7441,14,1430844000,1430848800
7442,14,1431016800,1431021600
7443,14,1431448800,1431453600
7444,14,1431621600,1431626400
7445,14,1432053600,1432058400
7446,14,1432226400,1432231200
7447,14,1432658400,1432663200
7448,14,1430851200,1430856000
7449,14,1431024000,1431028800
7450,14,1431456000,1431460800
7451,14,1431628800,1431633600
7452,14,1432060800,1432065600
7453,14,1432233600,1432238400
7454,14,1432665600,1432670400
7455,4,1430913600,1430923200
7456,4,1431518400,1431528000
7457,1,1433581200,1433584800
7458,1,1433595600,1433602800
7460,1,1433268000,1433271600
7461,1,1433354400,1433358000
7462,1,1433440800,1433444400
7465,2,1433268000,1433271600
7467,2,1433440800,1433444400
7472,3,1433440800,1433444400
7475,4,1433268000,1433271600
7476,4,1433354400,1433358000
7477,4,1433440800,1433444400
7484,1,1433872800,1433876400
7485,1,1433959200,1433962800
7486,1,1434045600,1434049200
7487,1,1434477600,1434481200
7488,1,1434564000,1434567600
7489,1,1434650400,1434654000
7490,1,1435082400,1435086000
7491,1,1435168800,1435172400
7492,1,1435255200,1435258800
7493,1,1435687200,1435690800
7494,1,1435773600,1435777200
7495,1,1435860000,1435863600
7496,1,1436292000,1436295600
7497,1,1436378400,1436382000
7499,1,1436896800,1436900400
7500,1,1436983200,1436986800
7501,1,1437069600,1437073200
7502,1,1437501600,1437505200
7503,1,1437588000,1437591600
7504,1,1437674400,1437678000
7505,1,1438106400,1438110000
7506,1,1438192800,1438196400
7507,1,1438279200,1438282800
7508,1,1438711200,1438714800
7509,1,1438797600,1438801200
7510,1,1438884000,1438887600
7511,1,1439316000,1439319600
7513,1,1439488800,1439492400
7516,1,1440093600,1440097200
7520,2,1433872800,1433876400
7521,2,1433959200,1433962800
7522,2,1434045600,1434049200
7523,2,1434477600,1434481200
7524,2,1434564000,1434567600
7525,2,1434650400,1434654000
7526,2,1435082400,1435086000
7527,2,1435168800,1435172400
7528,2,1435255200,1435258800
7529,2,1435687200,1435690800
7530,2,1435773600,1435777200
7531,2,1435860000,1435863600
7532,2,1436292000,1436295600
7533,2,1436378400,1436382000
7534,2,1436464800,1436468400
7535,2,1436896800,1436900400
7536,2,1436983200,1436986800
7537,2,1437069600,1437073200
7538,2,1437501600,1437505200
7539,2,1437588000,1437591600
7540,2,1437674400,1437678000
7541,2,1438106400,1438110000
7542,2,1438192800,1438196400
7543,2,1438279200,1438282800
7544,2,1438711200,1438714800
7545,2,1438797600,1438801200
7546,2,1438884000,1438887600
7547,2,1439316000,1439319600
7549,2,1439488800,1439492400
7552,2,1440093600,1440097200
7556,3,1433872800,1433876400
7557,3,1433959200,1433962800
7558,3,1434045600,1434049200
7559,3,1434477600,1434481200
7560,3,1434564000,1434567600
7561,3,1434650400,1434654000
7562,3,1435082400,1435086000
7563,3,1435168800,1435172400
7564,3,1435255200,1435258800
7565,3,1435687200,1435690800
7566,3,1435773600,1435777200
7567,3,1435860000,1435863600
7568,3,1436292000,1436295600
7569,3,1436378400,1436382000
7571,3,1436896800,1436900400
7572,3,1436983200,1436986800
7573,3,1437069600,1437073200
7574,3,1437501600,1437505200
7575,3,1437588000,1437591600
7576,3,1437674400,1437678000
7577,3,1438106400,1438110000
7578,3,1438192800,1438196400
7579,3,1438279200,1438282800
7580,3,1438711200,1438714800
7581,3,1438797600,1438801200
7582,3,1438884000,1438887600
7583,3,1439316000,1439319600
7585,3,1439488800,1439492400
7588,3,1440093600,1440097200
7592,4,1433872800,1433876400
7593,4,1433959200,1433962800
7594,4,1434045600,1434049200
7595,4,1434477600,1434481200
7596,4,1434564000,1434567600
7597,4,1434650400,1434654000
7598,4,1435082400,1435086000
7599,4,1435168800,1435172400
7600,4,1435255200,1435258800
7601,4,1435687200,1435690800
7602,4,1435773600,1435777200
7603,4,1435860000,1435863600
7604,4,1436292000,1436295600
7605,4,1436378400,1436382000
7606,4,1436464800,1436468400
7607,4,1436896800,1436900400
7608,4,1436983200,1436986800
7609,4,1437069600,1437073200
7610,4,1437501600,1437505200
7611,4,1437588000,1437591600
7612,4,1437674400,1437678000
7613,4,1438106400,1438110000
7614,4,1438192800,1438196400
7615,4,1438279200,1438282800
7616,4,1438711200,1438714800
7617,4,1438797600,1438801200
7618,4,1438884000,1438887600
7619,4,1439316000,1439319600
7621,4,1439488800,1439492400
7628,14,1433872800,1433876400
7629,14,1433959200,1433962800
7630,14,1434045600,1434049200
7631,14,1434477600,1434481200
7632,14,1434564000,1434567600
7633,14,1434650400,1434654000
7634,14,1435082400,1435086000
7635,14,1435168800,1435172400
7636,14,1435255200,1435258800
7637,14,1435687200,1435690800
7638,14,1435773600,1435777200
7639,14,1435860000,1435863600
7642,14,1436464800,1436468400
7643,14,1436896800,1436900400
7644,14,1436983200,1436986800
7645,14,1437069600,1437073200
7646,14,1437501600,1437505200
7647,14,1437588000,1437591600
7648,14,1437674400,1437678000
7650,14,1438192800,1438196400
7651,14,1438279200,1438282800
7652,14,1438711200,1438714800
7653,14,1438797600,1438801200
7654,14,1438884000,1438887600
7655,14,1439316000,1439319600
7657,14,1439488800,1439492400
7664,15,1433149200,1433170800
7665,15,1433235600,1433257200
7666,15,1433322000,1433343600
7667,15,1433408400,1433430000
7668,15,1433494800,1433516400
7669,15,1433754000,1433775600
7670,15,1433840400,1433862000
7671,15,1433926800,1433948400
7672,15,1434013200,1434034800
7673,15,1434099600,1434121200
7674,15,1434358800,1434380400
7675,15,1434445200,1434466800
7676,15,1434531600,1434553200
7678,15,1434704400,1434726000
7679,15,1434963600,1434985200
7680,15,1435050000,1435071600
7681,15,1435136400,1435158000
7682,15,1435222800,1435244400
7683,15,1435309200,1435330800
7694,15,1436778000,1436799600
7796,1,1436432400,1436454000
7797,1,1434186000,1434189600
7798,1,1434790800,1434794400
7799,1,1435395600,1435399200
7800,1,1436000400,1436004000
7801,1,1436605200,1436608800
7809,1,1434200400,1434207600
7821,2,1434200400,1434207600
7833,2,1434186000,1434189600
7834,2,1434790800,1434794400
7835,2,1435395600,1435399200
7836,2,1436000400,1436004000
7837,2,1436605200,1436608800
7845,3,1433581200,1433602800
7846,3,1434186000,1434207600
7847,3,1434790800,1434812400
7848,3,1435395600,1435417200
7850,3,1436605200,1436626800
7858,2,1433581200,1433584800
7859,2,1433595600,1433602800
7860,14,1434099600,1434121200
7861,4,1431334800,1431355200
7862,4,1431507600,1431518400
7863,4,1431939600,1431960000
7864,4,1432112400,1432132800
7865,4,1432544400,1432564800
7866,14,1431441600,1431448800
7867,14,1431614400,1431621600
7868,14,1432026000,1432038000
7869,14,1432038000,1432039200
7870,14,1432047600,1432053600
7871,14,1432198800,1432210800
7872,14,1432220400,1432226400
7873,4,1432285200,1432297200
7874,14,1432303200,1432317600
7876,14,1432544400,1432576800
7877,4,1432717200,1432737600
7878,4,1432890000,1432902000
7880,14,1432908000,1432922400
7881,14,1432112400,1432144800
7882,4,1433581200,1433602800
7884,4,1434790800,1434812400
7885,4,1435395600,1435417200
7890,15,1434618000,1434639600
7891,14,1433268000,1433271600
7892,14,1433354400,1433358000
7893,14,1433440800,1433444400
7894,15,1435568400,1435590000
7895,15,1435654800,1435676400
7896,15,1435741200,1435762800
7897,15,1435827600,1435849200
7898,15,1435914000,1435935600
7899,15,1436173200,1436194800
7900,15,1436259600,1436281200
7901,15,1436346000,1436367600
7902,14,1432831200,1432843200
7903,14,1432738800,1432749600
7904,14,1432825200,1432831200
7905,14,1432651200,1432658400
7906,14,1432717200,1432728000
7908,14,1433581200,1433602800
7909,14,1434186000,1434207600
7910,14,1434790800,1434812400
7911,14,1435395600,1435417200
7912,14,1436000400,1436022000
7913,14,1436605200,1436626800
7916,15,1436432400,1436454000
7917,1,1436518800,1436540400
7918,3,1436455200,1436468400
7919,1,1436455200,1436468400
7941,3,1441098000,1441119600
7942,3,1441184400,1441206000
7944,3,1441357200,1441378800
7945,3,1441616400,1441638000
7946,3,1441702800,1441724400
7947,3,1441789200,1441810800
7948,3,1441875600,1441897200
7949,3,1441962000,1441983600
7950,3,1442221200,1442242800
7951,3,1442307600,1442329200
7952,3,1442394000,1442415600
7953,3,1442480400,1442502000
7954,3,1442566800,1442588400
7955,3,1442826000,1442847600
7956,3,1442912400,1442934000
7960,3,1443430800,1443452400
7961,3,1443517200,1443538800
7962,3,1443603600,1443625200
7964,3,1443776400,1443798000
7965,3,1444035600,1444057200
7966,3,1444122000,1444143600
7967,3,1444208400,1444230000
7968,3,1444294800,1444316400
7969,3,1444381200,1444402800
7970,3,1444640400,1444662000
7971,3,1444726800,1444748400
7972,3,1444813200,1444834800
7973,3,1444899600,1444921200
7974,3,1444986000,1445007600
7975,3,1445245200,1445266800
7976,3,1445331600,1445353200
7977,3,1445418000,1445439600
7978,3,1445504400,1445526000
7979,3,1445590800,1445612400
7980,3,1445850000,1445871600
7981,3,1445936400,1445958000
7982,3,1446022800,1446044400
7983,3,1446109200,1446130800
7984,3,1446195600,1446217200
7985,3,1446454800,1446476400
7986,3,1446541200,1446562800
7987,3,1446627600,1446649200
7988,3,1446714000,1446735600
7989,3,1446800400,1446822000
7990,3,1447059600,1447081200
7991,3,1447146000,1447167600
7992,3,1447232400,1447254000
7993,3,1447318800,1447340400
7994,3,1447405200,1447426800
7995,3,1447664400,1447686000
7996,3,1447750800,1447772400
7997,3,1447837200,1447858800
7998,3,1447923600,1447945200
7999,3,1448010000,1448031600
8000,3,1448269200,1448290800
8001,3,1448355600,1448377200
8005,3,1448874000,1448895600
8006,3,1448960400,1448982000
8007,3,1449046800,1449068400
8008,3,1449133200,1449154800
8009,3,1449219600,1449241200
8010,3,1449478800,1449500400
8011,3,1449565200,1449586800
8012,3,1449651600,1449673200
8013,3,1449738000,1449759600
8014,3,1449824400,1449846000
8015,3,1450083600,1450105200
8016,3,1450170000,1450191600
8017,3,1450256400,1450278000
8018,3,1450342800,1450364400
8019,3,1450429200,1450450800
8037,4,1436605200,1436619600
8041,14,1436292000,1436295600
8042,14,1436378400,1436382000
8124,1,1436454000,1436455200
8125,3,1436454000,1436455200
8131,3,1436000400,1436014800
8132,16,1436176800,1436194800
8133,16,1436263200,1436281200
8134,16,1436349600,1436367600
8135,16,1436436000,1436454000
8136,16,1436522400,1436540400
8137,16,1436781600,1436799600
8173,15,1436886000,1436900400
8174,16,1436886000,1436900400
8175,15,1436972400,1436986800
8176,15,1437058800,1437073200
8177,16,1436972400,1436986800
8178,16,1437058800,1437073200
8179,1,1437123600,1437124800
8212,1,1437490800,1437501600
8213,2,1437490800,1437501600
8214,4,1437490800,1437501600
8215,14,1437490800,1437501600
8216,15,1437482400,1437501600
8217,16,1437482400,1437501600
8218,17,1437482400,1437501600
8219,19,1437482400,1437501600
8220,66,1437482400,1437501600
8221,67,1437482400,1437501600
8222,68,1437482400,1437501600
8224,15,1437568800,1437588000
8225,16,1437568800,1437588000
8226,17,1437568800,1437588000
8227,19,1437568800,1437588000
8228,66,1437568800,1437588000
8229,67,1437568800,1437588000
8230,68,1437568800,1437588000
8231,1,1437577200,1437588000
8232,2,1437577200,1437588000
8233,3,1437577200,1437588000
8234,4,1437577200,1437588000
8235,14,1437577200,1437588000
8236,1,1437663600,1437674400
8237,2,1437663600,1437674400
8238,3,1437663600,1437674400
8239,4,1437663600,1437674400
8240,14,1437663600,1437674400
8241,15,1437655200,1437674400
8242,16,1437655200,1437674400
8243,17,1437655200,1437674400
8244,19,1437655200,1437674400
8245,66,1437655200,1437674400
8246,67,1437655200,1437674400
8247,68,1437655200,1437674400
8248,15,1437741600,1437760800
8249,16,1437741600,1437760800
8250,17,1437741600,1437760800
8251,19,1437741600,1437760800
8252,66,1437741600,1437760800
8253,67,1437741600,1437760800
8254,68,1437741600,1437750000
8261,15,1437822000,1437840000
8262,16,1437822000,1437840000
8263,17,1437822000,1437840000
8264,19,1437822000,1437840000
8265,66,1437822000,1437840000
8267,15,1438000800,1438020000
8268,16,1438000800,1438020000
8269,17,1438000800,1438020000
8270,19,1438000800,1438020000
8271,66,1438000800,1438020000
8272,67,1438000800,1438020000
8273,68,1438000800,1438020000
8274,15,1438087200,1438106400
8275,16,1438087200,1438106400
8276,17,1438087200,1438106400
8277,19,1438087200,1438106400
8278,66,1438087200,1438106400
8279,67,1438087200,1438106400
8280,68,1438087200,1438106400
8287,16,1437396000,1437415200
8288,17,1437396000,1437415200
8289,19,1437396000,1437415200
8290,66,1437396000,1437415200
8291,67,1437396000,1437415200
8293,15,1437396000,1437415200
8294,1,1438182000,1438192800
8295,2,1438182000,1438192800
8296,3,1438182000,1438192800
8297,4,1438182000,1438192800
8298,14,1438182000,1438192800
8300,15,1438173600,1438192800
8301,16,1438173600,1438192800
8302,17,1438173600,1438192800
8303,19,1438173600,1438192800
8304,66,1438173600,1438192800
8305,67,1438173600,1438192800
8306,68,1438173600,1438192800
8307,1,1438268400,1438279200
8308,2,1438268400,1438279200
8309,3,1438268400,1438279200
8310,4,1438268400,1438279200
8311,14,1438268400,1438279200
8312,16,1438260000,1438279200
8313,17,1438260000,1438279200
8314,19,1438260000,1438279200
8315,66,1438260000,1438279200
8316,67,1438260000,1438279200
8318,15,1438260000,1438279200
8319,15,1438346400,1438365600
8320,16,1438346400,1438365600
8321,17,1438346400,1438365600
8322,19,1438346400,1438365600
8323,66,1438346400,1438365600
8324,67,1438346400,1438365600
8325,68,1438346400,1438365600
8326,15,1438426800,1438444800
8327,16,1438426800,1438444800
8328,17,1438426800,1438444800
8338,1,1438700400,1438711200
8339,2,1438700400,1438711200
8340,3,1438700400,1438711200
8341,4,1438700400,1438711200
8343,15,1438692000,1438711200
8344,16,1438692000,1438711200
8345,17,1438692000,1438711200
8346,19,1438692000,1438711200
8347,66,1438692000,1438711200
8348,67,1438692000,1438711200
8349,68,1438692000,1438711200
8350,1,1438786800,1438797600
8351,2,1438786800,1438797600
8352,3,1438786800,1438797600
8353,4,1438786800,1438797600
8354,14,1438786800,1438797600
8355,15,1438778400,1438797600
8356,16,1438778400,1438797600
8357,17,1438778400,1438797600
8358,19,1438778400,1438797600
8359,66,1438778400,1438797600
8360,67,1438778400,1438797600
8362,1,1438873200,1438884000
8363,2,1438873200,1438884000
8364,3,1438873200,1438884000
8365,4,1438873200,1438884000
8366,14,1438873200,1438884000
8367,15,1438864800,1438884000
8368,16,1438864800,1438884000
8370,19,1438864800,1438884000
8371,66,1438864800,1438884000
8372,67,1438864800,1438884000
8373,68,1438864800,1438873200
8374,15,1438951200,1438970400
8375,16,1438951200,1438970400
8376,17,1438951200,1438970400
8377,19,1438951200,1438970400
8378,66,1438951200,1438970400
8379,67,1438951200,1438970400
8381,3,1439031600,1439049600
8382,4,1439031600,1439049600
8384,1,1439031600,1439049600
8385,2,1439031600,1439049600
8397,15,1439296800,1439316000
8398,16,1439210400,1439229600
8399,16,1439296800,1439316000
8400,17,1439210400,1439229600
8401,17,1439296800,1439316000
8402,19,1439210400,1439229600
8403,19,1439296800,1439316000
8408,1,1439391600,1439402400
8409,2,1439391600,1439402400
8410,3,1439391600,1439402400
8411,4,1439391600,1439402400
8412,14,1439391600,1439402400
8413,66,1439296800,1439316000
8414,1,1439305200,1439316000
8415,2,1439305200,1439316000
8416,3,1439305200,1439316000
8417,4,1439305200,1439316000
8418,14,1439305200,1439316000
8419,66,1439210400,1439229600
8420,15,1439383200,1439402400
8421,16,1439383200,1439402400
8422,19,1439383200,1439402400
8423,66,1439383200,1439402400
8424,67,1439383200,1439402400
8425,68,1439383200,1439402400
8433,15,1439469600,1439488800
8434,16,1439469600,1439488800
8435,17,1439469600,1439488800
8436,19,1439469600,1439488800
8437,66,1439469600,1439488800
8438,67,1439469600,1439488800
8443,3,1439636400,1439654400
8444,15,1439556000,1439575200
8446,17,1439556000,1439575200
8447,19,1439556000,1439575200
8448,66,1439556000,1439575200
8449,67,1439556000,1439575200
8451,1,1439636400,1439654400
8452,2,1439636400,1439654400
8457,1,1439910000,1439920800
8458,2,1439910000,1439920800
8459,3,1439910000,1439920800
8461,2,1439996400,1440007200
8462,3,1439996400,1440007200
8463,1,1440082800,1440093600
8464,2,1440082800,1440093600
8465,3,1440082800,1440093600
8484,1,1440420000,1440439200
8485,2,1440420000,1440439200
8487,1,1440506400,1440525600
8488,2,1440506400,1440525600
8489,3,1440506400,1440525600
8490,1,1440592800,1440612000
8491,1,1440765600,1440784800
8492,1,1441024800,1441044000
8493,2,1440592800,1440612000
8494,2,1440765600,1440784800
8495,2,1441024800,1441044000
8496,3,1440592800,1440612000
8497,3,1440765600,1440784800
8499,1,1440679200,1440698400
8500,2,1440679200,1440698400
8501,3,1440679200,1440698400
8502,3,1441024800,1441044000
8507,1,1439478000,1439488800
8508,2,1439478000,1439488800
8509,3,1439478000,1439488800
8510,4,1439478000,1439488800
8511,14,1439478000,1439488800
8513,1,1438160400,1438161600
8514,1,1438246800,1438248000
8515,1,1438678800,1438680000
8516,1,1438765200,1438766400
8517,1,1438851600,1438852800
8518,1,1439283600,1439284800
8519,1,1439370000,1439371200
8520,1,1439456400,1439457600
8525,2,1438160400,1438161600
8526,2,1438246800,1438248000
8527,2,1438678800,1438680000
8529,2,1438851600,1438852800
8530,2,1439283600,1439284800
8531,2,1439370000,1439371200
8532,2,1439456400,1439457600
8537,3,1438160400,1438161600
8538,3,1438246800,1438248000
8539,3,1438678800,1438680000
8540,3,1438765200,1438766400
8541,3,1438851600,1438852800
8542,3,1439283600,1439284800
8543,3,1439370000,1439371200
8544,3,1439456400,1439457600
8549,4,1438160400,1438161600
8550,4,1438246800,1438248000
8551,4,1438678800,1438680000
8552,4,1438765200,1438766400
8553,4,1438851600,1438852800
8554,4,1439283600,1439284800
8555,4,1439370000,1439371200
8556,4,1439456400,1439457600
8561,14,1438160400,1438161600
8562,14,1438246800,1438248000
8563,14,1438678800,1438680000
8564,14,1438765200,1438766400
8565,14,1438851600,1438852800
8566,14,1439283600,1439284800
8567,14,1439370000,1439371200
8568,14,1439456400,1439457600
8572,1,1440842400,1440853200
8573,2,1440842400,1440853200
8574,3,1440842400,1440853200
8575,1,1440241200,1440248400
8576,2,1440241200,1440248400
8577,1,1440007200,1440010800
8578,2,1440007200,1440010800
8579,3,1440007200,1440010800
8580,1,1439802000,1439803200
8581,1,1440147600,1440148800
8582,2,1439802000,1439803200
8583,2,1440147600,1440148800
8584,3,1439802000,1439803200
8585,3,1440147600,1440148800
8586,1,1440406800,1440420000
8587,1,1440493200,1440506400
8588,1,1440579600,1440592800
8589,1,1440666000,1440679200
8590,1,1440752400,1440765600
8591,1,1441011600,1441024800
8592,2,1440406800,1440420000
8593,2,1440493200,1440506400
8594,2,1440579600,1440592800
8595,2,1440666000,1440679200
8596,2,1440752400,1440765600
8597,2,1441011600,1441024800
8598,3,1440406800,1440420000
8600,3,1440579600,1440592800
8602,3,1440752400,1440765600
8603,3,1441011600,1441024800
8604,1,1440248400,1440252000
8605,2,1440248400,1440252000
8606,3,1440241200,1440252000
8607,1,1438095600,1438106400
8608,2,1438095600,1438106400
8609,3,1438095600,1438106400
8610,4,1438095600,1438106400
8613,15,1439210400,1439229600
8614,1,1439920800,1439924400
8615,2,1439920800,1439924400
8616,3,1439920800,1439924400
8617,2,1441447200,1441458000
8618,3,1441447200,1441458000
8619,3,1441119600,1441130400
8620,3,1441206000,1441216800
8621,3,1441292400,1441303200
8622,3,1441378800,1441389600
8624,3,1441724400,1441735200
8625,3,1441810800,1441821600
8626,3,1441897200,1441908000
8627,3,1441983600,1441994400
8628,3,1442242800,1442253600
8629,3,1442329200,1442340000
8630,3,1442415600,1442426400
8631,3,1442502000,1442512800
8632,3,1442588400,1442599200
8633,3,1442847600,1442858400
8634,3,1442934000,1442944800
8635,3,1443020400,1443031200
8636,3,1443106800,1443117600
8637,3,1443193200,1443204000
8638,3,1443452400,1443463200
8639,3,1443538800,1443549600
8640,3,1443625200,1443636000
8641,3,1443711600,1443722400
8642,3,1443798000,1443808800
8643,3,1444057200,1444068000
8644,3,1444143600,1444154400
8645,3,1444230000,1444240800
8646,3,1444316400,1444327200
8647,3,1444402800,1444413600
8648,3,1444662000,1444672800
8649,3,1444748400,1444759200
8650,3,1444834800,1444845600
8654,3,1445353200,1445364000
8655,3,1445439600,1445450400
8656,3,1445526000,1445536800
8657,3,1445612400,1445623200
8658,3,1445871600,1445882400
8659,3,1445958000,1445968800
8660,3,1446044400,1446055200
8661,3,1446130800,1446141600
8662,3,1446217200,1446228000
8663,3,1446476400,1446487200
8664,3,1446562800,1446573600
8665,3,1446649200,1446660000
8666,3,1446735600,1446746400
8667,3,1446822000,1446832800
8668,3,1447081200,1447092000
8669,3,1447167600,1447178400
8670,3,1447254000,1447264800
8671,3,1447340400,1447351200
8672,3,1447426800,1447437600
8673,3,1447686000,1447696800
8674,3,1447772400,1447783200
8675,3,1447858800,1447869600
8676,3,1447945200,1447956000
8677,3,1448031600,1448042400
8678,3,1448290800,1448301600
8679,3,1448377200,1448388000
8683,3,1448895600,1448906400
8684,3,1448982000,1448992800
8685,3,1449068400,1449079200
8686,3,1449154800,1449165600
8687,3,1449241200,1449252000
8688,3,1449500400,1449511200
8689,3,1449586800,1449597600
8690,3,1449673200,1449684000
8691,3,1449759600,1449770400
8692,3,1449846000,1449856800
8693,3,1450105200,1450116000
8694,3,1450191600,1450202400
8695,3,1450278000,1450288800
8696,3,1450364400,1450375200
8697,3,1450450800,1450461600
8707,2,1442052000,1442062800
8708,2,1442656800,1442667600
8709,2,1443261600,1443272400
8710,2,1443866400,1443877200
8711,2,1444471200,1444482000
8712,2,1445076000,1445086800
8713,2,1445680800,1445691600
8714,2,1446285600,1446296400
8715,2,1446890400,1446901200
8716,2,1447495200,1447506000
8717,2,1448100000,1448110800
8718,2,1448704800,1448715600
8719,2,1449309600,1449320400
8720,2,1449914400,1449925200
8721,2,1450519200,1450530000
8722,3,1442052000,1442062800
8723,3,1442656800,1442667600
8724,3,1443261600,1443272400
8725,3,1443866400,1443877200
8726,3,1444471200,1444482000
8727,3,1445076000,1445086800
8728,3,1445680800,1445691600
8729,3,1446285600,1446296400
8730,3,1446890400,1446901200
8731,3,1447495200,1447506000
8732,3,1448100000,1448110800
8733,3,1448704800,1448715600
8734,3,1449309600,1449320400
8735,3,1449914400,1449925200
8736,3,1450519200,1450530000
8738,17,1438444800,1438446000
8739,67,1439210400,1439218800
8740,67,1439296800,1439305200
8741,67,1439218800,1439229600
8742,67,1439305200,1439316000
8746,68,1438951200,1438959600
8747,17,1438864800,1438884000
8749,1,1439996400,1440007200
8750,4,1439910000,1439924400
8751,4,1439996400,1440010800
8752,4,1440082800,1440097200
8754,4,1441357200,1441368000
8755,4,1441962000,1441972800
8756,4,1442566800,1442577600
8758,4,1443776400,1443787200
8759,4,1444381200,1444392000
8760,4,1444986000,1444996800
8761,4,1445590800,1445601600
8762,4,1446195600,1446206400
8763,4,1440500400,1440514800
8775,4,1444129200,1444143600
8776,4,1444302000,1444316400
8777,4,1444734000,1444748400
8779,4,1445338800,1445353200
8780,4,1445511600,1445526000
8781,4,1445943600,1445958000
8782,4,1446116400,1446130800
8784,4,1441447200,1441458000
8785,4,1442052000,1442062800
8786,4,1442656800,1442667600
8787,4,1443261600,1443272400
8788,4,1443866400,1443877200
8789,4,1444471200,1444482000
8790,4,1445076000,1445086800
8791,4,1445680800,1445691600
8792,4,1446285600,1446296400
8793,4,1446890400,1446901200
8794,4,1447495200,1447506000
8795,4,1448100000,1448110800
8796,4,1448704800,1448715600
8797,4,1440432000,1440439200
8798,4,1441036800,1441044000
8800,4,1442246400,1442253600
8801,4,1442851200,1442858400
8802,4,1443456000,1443463200
8803,4,1444060800,1444068000
8804,4,1444665600,1444672800
8806,4,1445875200,1445882400
8807,4,1446480000,1446487200
8808,4,1447084800,1447092000
8809,4,1447689600,1447696800
8810,4,1448294400,1448301600
8811,4,1449309600,1449320400
8812,4,1449914400,1449925200
8813,4,1450519200,1450530000
8814,4,1451124000,1451134800
8815,2,1451124000,1451134800
8816,3,1451124000,1451134800
8817,3,1440428400,1440439200
8818,3,1441278000,1441292400
8819,3,1443697200,1443711600
8820,4,1442998800,1443031200
8821,4,1443085200,1443117600
8822,4,1443171600,1443204000
8824,1,1440838800,1440842400
8825,2,1440838800,1440842400
8828,1,1438419600,1438423200
8829,1,1439024400,1439028000
8830,1,1439629200,1439632800
8831,1,1440234000,1440237600
8832,2,1438419600,1438423200
8833,2,1439024400,1439028000
8834,2,1439629200,1439632800
8835,2,1440234000,1440237600
8836,3,1438419600,1438423200
8837,3,1439024400,1439028000
8838,3,1439629200,1439632800
8839,3,1440234000,1440237600
8840,4,1438419600,1438423200
8841,4,1439024400,1439028000
8842,4,1439629200,1439632800
8843,4,1440234000,1440237600
8844,4,1441443600,1441447200
8845,4,1442048400,1442052000
8846,4,1442653200,1442656800
8847,4,1443258000,1443261600
8848,4,1443862800,1443866400
8849,4,1444467600,1444471200
8850,4,1445072400,1445076000
8851,4,1445677200,1445680800
8852,4,1446282000,1446285600
8853,4,1446886800,1446890400
8854,4,1447491600,1447495200
8855,4,1448096400,1448100000
8856,4,1448701200,1448704800
8857,4,1449306000,1449309600
8858,4,1449910800,1449914400
8859,4,1450515600,1450519200
8860,4,1451120400,1451124000
8861,3,1441443600,1441447200
8862,3,1442048400,1442052000
8863,3,1442653200,1442656800
8864,3,1443258000,1443261600
8865,3,1443862800,1443866400
8866,3,1444467600,1444471200
8867,3,1445072400,1445076000
8868,3,1445677200,1445680800
8869,3,1446282000,1446285600
8870,3,1446886800,1446890400
8871,3,1447491600,1447495200
8872,3,1448096400,1448100000
8873,3,1448701200,1448704800
8874,3,1449306000,1449309600
8875,3,1449910800,1449914400
8876,3,1450515600,1450519200
8877,3,1451120400,1451124000
8878,2,1441443600,1441447200
8879,2,1442048400,1442052000
8880,2,1442653200,1442656800
8881,2,1443258000,1443261600
8882,2,1443862800,1443866400
8883,2,1444467600,1444471200
8884,2,1445072400,1445076000
8885,2,1445677200,1445680800
8886,2,1446282000,1446285600
8887,2,1446886800,1446890400
8888,2,1447491600,1447495200
8889,2,1448096400,1448100000
8890,2,1448701200,1448704800
8891,2,1449306000,1449309600
8892,2,1449910800,1449914400
8893,2,1450515600,1450519200
8894,2,1451120400,1451124000
8897,1,1442653200,1442656800
8898,1,1443258000,1443261600
8899,1,1443862800,1443866400
8900,1,1444467600,1444471200
8901,1,1445072400,1445076000
8902,1,1445677200,1445680800
8903,1,1446282000,1446285600
8904,1,1446886800,1446890400
8905,1,1447491600,1447495200
8906,1,1448096400,1448100000
8907,1,1448701200,1448704800
8908,1,1449306000,1449309600
8909,1,1449910800,1449914400
8910,1,1450515600,1450519200
8911,1,1451120400,1451124000
8912,1,1448442000,1448452800
8913,1,1448528400,1448539200
8914,1,1448614800,1448625600
8915,2,1448442000,1448452800
8916,2,1448528400,1448539200
8917,2,1448614800,1448625600
8918,3,1448442000,1448452800
8919,3,1448528400,1448539200
8920,3,1448614800,1448625600
8921,1,1450688400,1450699200
8922,1,1450774800,1450785600
8923,1,1450861200,1450872000
8924,1,1450947600,1450958400
8925,1,1451034000,1451044800
8926,1,1451293200,1451304000
8927,1,1451379600,1451390400
8928,1,1451466000,1451476800
8929,1,1451552400,1451563200
8930,2,1450688400,1450699200
8931,2,1450774800,1450785600
8932,2,1450861200,1450872000
8933,2,1450947600,1450958400
8934,2,1451034000,1451044800
8935,2,1451293200,1451304000
8936,2,1451379600,1451390400
8937,2,1451466000,1451476800
8938,2,1451552400,1451563200
8939,3,1450688400,1450699200
8940,3,1450774800,1450785600
8941,3,1450861200,1450872000
8942,3,1450947600,1450958400
8943,3,1451034000,1451044800
8944,3,1451293200,1451304000
8945,3,1451379600,1451390400
8946,3,1451466000,1451476800
8947,3,1451552400,1451563200
8957,1,1442566800,1442588400
8958,1,1442588400,1442599200
8959,3,1441270800,1441275600
8960,4,1441897200,1441908000
